id,created_at,aluno_id,data,presente
1,2025-07-23 23:15:51.186876+00,83,2025-07-23,true
2,2025-07-23 23:15:55.188114+00,15,2025-07-23,true
3,2025-07-23 23:15:55.892199+00,136,2025-07-23,true
4,2025-07-23 23:16:02.127888+00,34,2025-07-23,true
5,2025-07-23 23:16:02.541632+00,21,2025-07-23,true
6,2025-07-23 23:16:13.665188+00,20,2025-07-23,true
7,2025-07-23 23:16:13.958985+00,10,2025-07-23,true
8,2025-07-24 00:08:31.305633+00,83,2025-07-24,false
9,2025-07-24 00:08:31.736746+00,15,2025-07-24,false
11,2025-07-24 00:14:55.090151+00,57,2025-07-24,false
12,2025-07-24 00:14:55.090151+00,58,2025-07-24,true
14,2025-07-24 00:14:55.090151+00,42,2025-07-24,false
15,2025-07-24 00:14:55.090151+00,59,2025-07-24,true
16,2025-07-24 00:14:55.090151+00,60,2025-07-24,true
17,2025-07-24 00:14:55.090151+00,6,2025-07-24,false
18,2025-07-24 00:14:55.090151+00,23,2025-07-24,false
19,2025-07-24 00:14:55.090151+00,24,2025-07-24,false
20,2025-07-24 00:14:55.090151+00,25,2025-07-24,false
21,2025-07-24 00:14:55.090151+00,26,2025-07-24,true
22,2025-07-24 00:14:55.090151+00,27,2025-07-24,false
23,2025-07-24 00:14:55.090151+00,28,2025-07-24,true
24,2025-07-24 00:14:55.090151+00,29,2025-07-24,true
25,2025-07-24 00:14:55.090151+00,30,2025-07-24,false
26,2025-07-24 00:14:55.090151+00,208,2025-07-24,false
27,2025-07-24 00:14:55.090151+00,2,2025-07-24,false
28,2025-07-24 00:14:55.090151+00,56,2025-07-24,true
29,2025-07-24 00:14:55.090151+00,62,2025-07-24,false
30,2025-07-24 00:14:55.090151+00,75,2025-07-24,true
31,2025-07-24 00:14:55.090151+00,184,2025-07-24,false
32,2025-07-24 00:14:55.090151+00,185,2025-07-24,true
34,2025-07-24 00:14:55.090151+00,186,2025-07-24,false
35,2025-07-24 00:14:55.090151+00,187,2025-07-24,true
36,2025-07-24 00:14:55.090151+00,189,2025-07-24,true
37,2025-07-24 00:14:55.090151+00,190,2025-07-24,true
39,2025-07-24 00:14:55.090151+00,95,2025-07-24,true
40,2025-07-24 00:14:55.090151+00,136,2025-07-24,true
41,2025-07-24 00:14:55.090151+00,191,2025-07-24,false
42,2025-07-24 00:14:55.090151+00,193,2025-07-24,true
45,2025-07-24 00:14:55.090151+00,63,2025-07-24,false
46,2025-07-24 00:14:55.090151+00,64,2025-07-24,true
47,2025-07-24 00:14:55.090151+00,65,2025-07-24,false
48,2025-07-24 00:14:55.090151+00,66,2025-07-24,false
49,2025-07-24 00:14:55.090151+00,67,2025-07-24,false
50,2025-07-24 00:14:55.090151+00,68,2025-07-24,false
52,2025-07-24 00:14:55.090151+00,69,2025-07-24,true
53,2025-07-24 00:14:55.090151+00,70,2025-07-24,false
54,2025-07-24 00:14:55.090151+00,71,2025-07-24,false
55,2025-07-24 00:14:55.090151+00,72,2025-07-24,true
56,2025-07-24 00:14:55.090151+00,73,2025-07-24,false
57,2025-07-24 00:14:55.090151+00,74,2025-07-24,false
59,2025-07-24 00:14:55.090151+00,206,2025-07-24,true
62,2025-07-24 00:14:55.090151+00,76,2025-07-24,true
63,2025-07-24 00:14:55.090151+00,77,2025-07-24,true
64,2025-07-24 00:14:55.090151+00,79,2025-07-24,false
65,2025-07-24 00:14:55.090151+00,80,2025-07-24,true
66,2025-07-24 00:14:55.090151+00,81,2025-07-24,true
67,2025-07-24 00:14:55.090151+00,82,2025-07-24,true
69,2025-07-24 00:14:55.090151+00,85,2025-07-24,false
70,2025-07-24 00:14:55.090151+00,87,2025-07-24,true
71,2025-07-24 00:14:55.090151+00,88,2025-07-24,true
72,2025-07-24 00:14:55.090151+00,89,2025-07-24,false
73,2025-07-24 00:14:55.090151+00,90,2025-07-24,true
74,2025-07-24 00:14:55.090151+00,91,2025-07-24,true
75,2025-07-24 00:14:55.090151+00,92,2025-07-24,true
76,2025-07-24 00:14:55.090151+00,93,2025-07-24,true
77,2025-07-24 00:14:55.090151+00,94,2025-07-24,true
78,2025-07-24 00:14:55.090151+00,96,2025-07-24,true
79,2025-07-24 00:14:55.090151+00,97,2025-07-24,false
80,2025-07-24 00:14:55.090151+00,98,2025-07-24,false
82,2025-07-24 00:14:55.090151+00,1,2025-07-24,true
83,2025-07-24 00:14:55.090151+00,3,2025-07-24,false
84,2025-07-24 00:14:55.090151+00,4,2025-07-24,false
85,2025-07-24 00:14:55.090151+00,5,2025-07-24,false
86,2025-07-24 00:14:55.090151+00,7,2025-07-24,false
87,2025-07-24 00:14:55.090151+00,9,2025-07-24,true
88,2025-07-24 00:14:55.090151+00,10,2025-07-24,false
89,2025-07-24 00:14:55.090151+00,11,2025-07-24,false
90,2025-07-24 00:14:55.090151+00,12,2025-07-24,true
91,2025-07-24 00:14:55.090151+00,13,2025-07-24,false
92,2025-07-24 00:14:55.090151+00,14,2025-07-24,false
94,2025-07-24 00:14:55.090151+00,16,2025-07-24,true
95,2025-07-24 00:14:55.090151+00,17,2025-07-24,false
96,2025-07-24 00:14:55.090151+00,99,2025-07-24,false
97,2025-07-24 00:14:55.090151+00,100,2025-07-24,false
98,2025-07-24 00:14:55.090151+00,102,2025-07-24,true
99,2025-07-24 00:14:55.090151+00,103,2025-07-24,true
100,2025-07-24 00:14:55.090151+00,104,2025-07-24,false
101,2025-07-24 00:14:55.090151+00,101,2025-07-24,false
102,2025-07-24 00:14:55.090151+00,231,2025-07-24,false
103,2025-07-24 00:14:55.090151+00,148,2025-07-24,false
104,2025-07-24 00:14:55.090151+00,149,2025-07-24,true
105,2025-07-24 00:14:55.090151+00,105,2025-07-24,true
106,2025-07-24 00:14:55.090151+00,106,2025-07-24,true
107,2025-07-24 00:14:55.090151+00,107,2025-07-24,true
108,2025-07-24 00:14:55.090151+00,108,2025-07-24,true
109,2025-07-24 00:14:55.090151+00,109,2025-07-24,true
110,2025-07-24 00:14:55.090151+00,110,2025-07-24,true
111,2025-07-24 00:14:55.090151+00,230,2025-07-24,true
112,2025-07-24 00:14:55.090151+00,18,2025-07-24,false
113,2025-07-24 00:14:55.090151+00,19,2025-07-24,true
114,2025-07-24 00:14:55.090151+00,20,2025-07-24,false
115,2025-07-24 00:14:55.090151+00,21,2025-07-24,true
116,2025-07-24 00:14:55.090151+00,22,2025-07-24,true
117,2025-07-24 00:14:55.090151+00,111,2025-07-24,true
118,2025-07-24 00:14:55.090151+00,112,2025-07-24,true
119,2025-07-24 00:14:55.090151+00,113,2025-07-24,false
120,2025-07-24 00:14:55.090151+00,114,2025-07-24,true
121,2025-07-24 00:14:55.090151+00,115,2025-07-24,false
122,2025-07-24 00:14:55.090151+00,116,2025-07-24,true
123,2025-07-24 00:14:55.090151+00,117,2025-07-24,true
124,2025-07-24 00:14:55.090151+00,232,2025-07-24,true
125,2025-07-24 00:14:55.090151+00,118,2025-07-24,true
126,2025-07-24 00:14:55.090151+00,119,2025-07-24,false
127,2025-07-24 00:14:55.090151+00,120,2025-07-24,true
128,2025-07-24 00:14:55.090151+00,121,2025-07-24,true
129,2025-07-24 00:14:55.090151+00,122,2025-07-24,false
130,2025-07-24 00:14:55.090151+00,123,2025-07-24,true
131,2025-07-24 00:14:55.090151+00,124,2025-07-24,true
132,2025-07-24 00:14:55.090151+00,125,2025-07-24,true
133,2025-07-24 00:14:55.090151+00,126,2025-07-24,true
134,2025-07-24 00:14:55.090151+00,127,2025-07-24,true
135,2025-07-24 00:14:55.090151+00,128,2025-07-24,true
136,2025-07-24 00:14:55.090151+00,129,2025-07-24,true
137,2025-07-24 00:14:55.090151+00,233,2025-07-24,true
138,2025-07-24 00:14:55.090151+00,229,2025-07-24,true
139,2025-07-24 00:14:55.090151+00,438,2025-07-24,true
140,2025-07-24 00:14:55.090151+00,31,2025-07-24,true
141,2025-07-24 00:14:55.090151+00,32,2025-07-24,false
142,2025-07-24 00:14:55.090151+00,33,2025-07-24,true
143,2025-07-24 00:14:55.090151+00,34,2025-07-24,true
144,2025-07-24 00:14:55.090151+00,35,2025-07-24,true
145,2025-07-24 00:14:55.090151+00,41,2025-07-24,false
146,2025-07-24 00:14:55.090151+00,43,2025-07-24,true
147,2025-07-24 00:14:55.090151+00,44,2025-07-24,true
148,2025-07-24 00:14:55.090151+00,45,2025-07-24,true
149,2025-07-24 00:14:55.090151+00,46,2025-07-24,true
150,2025-07-24 00:14:55.090151+00,36,2025-07-24,true
151,2025-07-24 00:14:55.090151+00,37,2025-07-24,true
152,2025-07-24 00:14:55.090151+00,38,2025-07-24,true
153,2025-07-24 00:14:55.090151+00,40,2025-07-24,true
154,2025-07-24 00:14:55.090151+00,130,2025-07-24,true
155,2025-07-24 00:14:55.090151+00,131,2025-07-24,true
156,2025-07-24 00:14:55.090151+00,133,2025-07-24,true
157,2025-07-24 00:14:55.090151+00,134,2025-07-24,true
158,2025-07-24 00:14:55.090151+00,135,2025-07-24,true
159,2025-07-24 00:14:55.090151+00,137,2025-07-24,false
160,2025-07-24 00:14:55.090151+00,138,2025-07-24,true
161,2025-07-24 00:14:55.090151+00,139,2025-07-24,true
162,2025-07-24 00:14:55.090151+00,140,2025-07-24,false
163,2025-07-24 00:14:55.090151+00,141,2025-07-24,true
164,2025-07-24 00:14:55.090151+00,142,2025-07-24,true
165,2025-07-24 00:14:55.090151+00,143,2025-07-24,true
166,2025-07-24 00:14:55.090151+00,144,2025-07-24,true
167,2025-07-24 00:14:55.090151+00,145,2025-07-24,true
168,2025-07-24 00:14:55.090151+00,146,2025-07-24,true
169,2025-07-24 00:14:55.090151+00,147,2025-07-24,true
170,2025-07-24 00:14:55.090151+00,150,2025-07-24,false
171,2025-07-24 00:14:55.090151+00,151,2025-07-24,true
172,2025-07-24 00:14:55.090151+00,152,2025-07-24,true
173,2025-07-24 00:14:55.090151+00,153,2025-07-24,false
174,2025-07-24 00:14:55.090151+00,154,2025-07-24,true
175,2025-07-24 00:14:55.090151+00,155,2025-07-24,false
176,2025-07-24 00:14:55.090151+00,156,2025-07-24,true
177,2025-07-24 00:14:55.090151+00,157,2025-07-24,false
178,2025-07-24 00:14:55.090151+00,158,2025-07-24,false
179,2025-07-24 00:14:55.090151+00,159,2025-07-24,false
180,2025-07-24 00:14:55.090151+00,160,2025-07-24,true
181,2025-07-24 00:14:55.090151+00,161,2025-07-24,false
182,2025-07-24 00:14:55.090151+00,162,2025-07-24,true
183,2025-07-24 00:14:55.090151+00,163,2025-07-24,false
184,2025-07-24 00:14:55.090151+00,164,2025-07-24,false
185,2025-07-24 00:14:55.090151+00,165,2025-07-24,false
186,2025-07-24 00:14:55.090151+00,166,2025-07-24,true
187,2025-07-24 00:14:55.090151+00,47,2025-07-24,true
188,2025-07-24 00:14:55.090151+00,48,2025-07-24,true
189,2025-07-24 00:14:55.090151+00,53,2025-07-24,true
190,2025-07-24 00:14:55.090151+00,54,2025-07-24,true
191,2025-07-24 00:14:55.090151+00,49,2025-07-24,true
192,2025-07-24 00:14:55.090151+00,50,2025-07-24,true
193,2025-07-24 00:14:55.090151+00,51,2025-07-24,true
194,2025-07-24 00:14:55.090151+00,52,2025-07-24,true
195,2025-07-24 00:14:55.090151+00,55,2025-07-24,true
196,2025-07-24 00:14:55.090151+00,167,2025-07-24,true
197,2025-07-24 00:14:55.090151+00,168,2025-07-24,true
198,2025-07-24 00:14:55.090151+00,169,2025-07-24,true
199,2025-07-24 00:14:55.090151+00,170,2025-07-24,false
200,2025-07-24 00:14:55.090151+00,179,2025-07-24,true
201,2025-07-24 00:14:55.090151+00,180,2025-07-24,true
202,2025-07-24 00:14:55.090151+00,182,2025-07-24,false
203,2025-07-24 00:14:55.090151+00,183,2025-07-24,false
204,2025-07-24 00:14:55.090151+00,171,2025-07-24,false
205,2025-07-24 00:14:55.090151+00,172,2025-07-24,true
206,2025-07-24 00:14:55.090151+00,173,2025-07-24,false
207,2025-07-24 00:14:55.090151+00,174,2025-07-24,true
208,2025-07-24 00:14:55.090151+00,175,2025-07-24,false
209,2025-07-24 00:14:55.090151+00,176,2025-07-24,false
210,2025-07-24 00:14:55.090151+00,177,2025-07-24,false
211,2025-07-24 00:14:55.090151+00,178,2025-07-24,false
212,2025-07-24 00:14:55.090151+00,194,2025-07-24,true
213,2025-07-24 00:14:55.090151+00,195,2025-07-24,false
214,2025-07-24 00:14:55.090151+00,196,2025-07-24,true
215,2025-07-24 00:14:55.090151+00,197,2025-07-24,true
216,2025-07-24 00:14:55.090151+00,198,2025-07-24,true
217,2025-07-24 00:14:55.090151+00,200,2025-07-24,true
218,2025-07-24 00:14:55.090151+00,202,2025-07-24,true
219,2025-07-24 00:14:55.090151+00,199,2025-07-24,true
220,2025-07-24 00:14:55.090151+00,201,2025-07-24,true
221,2025-07-24 00:14:55.090151+00,203,2025-07-24,false
222,2025-07-24 00:14:55.090151+00,235,2025-07-24,false
223,2025-07-24 00:14:55.090151+00,234,2025-07-24,true
224,2025-07-24 00:14:55.090151+00,236,2025-07-24,true
225,2025-07-24 00:14:55.090151+00,204,2025-07-24,true
226,2025-07-24 00:14:55.090151+00,205,2025-07-24,true
2439,2025-07-25 13:33:33.963431+00,57,2025-07-25,false
2440,2025-07-25 13:33:33.963431+00,58,2025-07-25,false
2441,2025-07-25 13:33:33.963431+00,42,2025-07-25,false
2442,2025-07-25 13:33:33.963431+00,59,2025-07-25,false
2443,2025-07-25 13:33:33.963431+00,60,2025-07-25,false
2444,2025-07-25 13:33:33.963431+00,6,2025-07-25,false
2445,2025-07-25 13:33:33.963431+00,23,2025-07-25,false
2446,2025-07-25 13:33:33.963431+00,24,2025-07-25,false
2447,2025-07-25 13:33:33.963431+00,25,2025-07-25,false
2448,2025-07-25 13:33:33.963431+00,26,2025-07-25,true
2449,2025-07-25 13:33:33.963431+00,27,2025-07-25,false
2450,2025-07-25 13:33:33.963431+00,28,2025-07-25,true
2451,2025-07-25 13:33:33.963431+00,29,2025-07-25,false
2452,2025-07-25 13:33:33.963431+00,30,2025-07-25,false
2453,2025-07-25 13:33:33.963431+00,208,2025-07-25,false
2454,2025-07-25 13:33:33.963431+00,2,2025-07-25,true
2455,2025-07-25 13:33:33.963431+00,56,2025-07-25,true
2456,2025-07-25 13:33:33.963431+00,62,2025-07-25,false
2457,2025-07-25 13:33:33.963431+00,75,2025-07-25,false
2458,2025-07-25 13:33:33.963431+00,184,2025-07-25,false
2459,2025-07-25 13:33:33.963431+00,185,2025-07-25,false
2460,2025-07-25 13:33:33.963431+00,186,2025-07-25,false
2461,2025-07-25 13:33:33.963431+00,187,2025-07-25,false
2462,2025-07-25 13:33:33.963431+00,189,2025-07-25,false
2463,2025-07-25 13:33:33.963431+00,190,2025-07-25,false
2464,2025-07-25 13:33:33.963431+00,95,2025-07-25,false
2465,2025-07-25 13:33:33.963431+00,136,2025-07-25,false
2466,2025-07-25 13:33:33.963431+00,191,2025-07-25,false
2467,2025-07-25 13:33:33.963431+00,193,2025-07-25,false
2468,2025-07-25 13:33:33.963431+00,63,2025-07-25,true
2469,2025-07-25 13:33:33.963431+00,64,2025-07-25,true
2470,2025-07-25 13:33:33.963431+00,65,2025-07-25,false
2471,2025-07-25 13:33:33.963431+00,66,2025-07-25,false
2472,2025-07-25 13:33:33.963431+00,67,2025-07-25,false
2473,2025-07-25 13:33:33.963431+00,68,2025-07-25,false
2474,2025-07-25 13:33:33.963431+00,69,2025-07-25,false
2475,2025-07-25 13:33:33.963431+00,70,2025-07-25,false
2476,2025-07-25 13:33:33.963431+00,71,2025-07-25,false
2477,2025-07-25 13:33:33.963431+00,72,2025-07-25,false
2478,2025-07-25 13:33:33.963431+00,73,2025-07-25,false
2479,2025-07-25 13:33:33.963431+00,74,2025-07-25,false
2480,2025-07-25 13:33:33.963431+00,206,2025-07-25,true
2481,2025-07-25 13:33:33.963431+00,76,2025-07-25,false
2482,2025-07-25 13:33:33.963431+00,77,2025-07-25,false
2483,2025-07-25 13:33:33.963431+00,79,2025-07-25,false
2484,2025-07-25 13:33:33.963431+00,80,2025-07-25,false
2485,2025-07-25 13:33:33.963431+00,81,2025-07-25,true
2486,2025-07-25 13:33:33.963431+00,82,2025-07-25,false
2487,2025-07-25 13:33:33.963431+00,83,2025-07-25,false
2488,2025-07-25 13:33:33.963431+00,85,2025-07-25,false
2489,2025-07-25 13:33:33.963431+00,87,2025-07-25,false
2490,2025-07-25 13:33:33.963431+00,88,2025-07-25,true
2491,2025-07-25 13:33:33.963431+00,89,2025-07-25,false
2492,2025-07-25 13:33:33.963431+00,90,2025-07-25,false
2493,2025-07-25 13:33:33.963431+00,91,2025-07-25,true
2494,2025-07-25 13:33:33.963431+00,92,2025-07-25,false
2495,2025-07-25 13:33:33.963431+00,93,2025-07-25,false
2496,2025-07-25 13:33:33.963431+00,94,2025-07-25,true
2497,2025-07-25 13:33:33.963431+00,96,2025-07-25,true
2498,2025-07-25 13:33:33.963431+00,97,2025-07-25,false
2499,2025-07-25 13:33:33.963431+00,98,2025-07-25,false
2500,2025-07-25 13:33:33.963431+00,1,2025-07-25,false
2501,2025-07-25 13:33:33.963431+00,3,2025-07-25,false
2502,2025-07-25 13:33:33.963431+00,4,2025-07-25,false
2503,2025-07-25 13:33:33.963431+00,5,2025-07-25,false
2504,2025-07-25 13:33:33.963431+00,7,2025-07-25,false
2505,2025-07-25 13:33:33.963431+00,9,2025-07-25,false
2506,2025-07-25 13:33:33.963431+00,10,2025-07-25,false
2507,2025-07-25 13:33:33.963431+00,11,2025-07-25,false
2508,2025-07-25 13:33:33.963431+00,12,2025-07-25,false
2509,2025-07-25 13:33:33.963431+00,13,2025-07-25,false
2510,2025-07-25 13:33:33.963431+00,14,2025-07-25,false
2511,2025-07-25 13:33:33.963431+00,15,2025-07-25,false
2512,2025-07-25 13:33:33.963431+00,16,2025-07-25,false
2513,2025-07-25 13:33:33.963431+00,17,2025-07-25,false
2514,2025-07-25 13:33:33.963431+00,99,2025-07-25,false
2515,2025-07-25 13:33:33.963431+00,100,2025-07-25,false
2516,2025-07-25 13:33:33.963431+00,102,2025-07-25,true
2517,2025-07-25 13:33:33.963431+00,103,2025-07-25,false
2518,2025-07-25 13:33:33.963431+00,104,2025-07-25,false
2519,2025-07-25 13:33:33.963431+00,101,2025-07-25,false
2520,2025-07-25 13:33:33.963431+00,231,2025-07-25,false
2521,2025-07-25 13:33:33.963431+00,148,2025-07-25,false
2522,2025-07-25 13:33:33.963431+00,149,2025-07-25,false
2523,2025-07-25 13:33:33.963431+00,105,2025-07-25,false
2524,2025-07-25 13:33:33.963431+00,106,2025-07-25,false
2525,2025-07-25 13:33:33.963431+00,107,2025-07-25,false
2526,2025-07-25 13:33:33.963431+00,108,2025-07-25,false
2527,2025-07-25 13:33:33.963431+00,109,2025-07-25,false
2528,2025-07-25 13:33:33.963431+00,110,2025-07-25,true
2529,2025-07-25 13:33:33.963431+00,230,2025-07-25,false
2530,2025-07-25 13:33:33.963431+00,18,2025-07-25,false
2531,2025-07-25 13:33:33.963431+00,19,2025-07-25,false
2532,2025-07-25 13:33:33.963431+00,20,2025-07-25,false
2533,2025-07-25 13:33:33.963431+00,21,2025-07-25,false
2534,2025-07-25 13:33:33.963431+00,22,2025-07-25,true
2535,2025-07-25 13:33:33.963431+00,111,2025-07-25,false
2536,2025-07-25 13:33:33.963431+00,112,2025-07-25,false
2537,2025-07-25 13:33:33.963431+00,113,2025-07-25,false
2538,2025-07-25 13:33:33.963431+00,114,2025-07-25,false
2539,2025-07-25 13:33:33.963431+00,115,2025-07-25,false
2540,2025-07-25 13:33:33.963431+00,116,2025-07-25,false
2541,2025-07-25 13:33:33.963431+00,117,2025-07-25,false
2542,2025-07-25 13:33:33.963431+00,232,2025-07-25,false
2543,2025-07-25 13:33:33.963431+00,118,2025-07-25,false
2544,2025-07-25 13:33:33.963431+00,119,2025-07-25,false
2545,2025-07-25 13:33:33.963431+00,120,2025-07-25,false
2546,2025-07-25 13:33:33.963431+00,121,2025-07-25,false
2547,2025-07-25 13:33:33.963431+00,122,2025-07-25,false
2548,2025-07-25 13:33:33.963431+00,123,2025-07-25,true
2549,2025-07-25 13:33:33.963431+00,124,2025-07-25,false
2550,2025-07-25 13:33:33.963431+00,125,2025-07-25,false
2551,2025-07-25 13:33:33.963431+00,126,2025-07-25,false
2552,2025-07-25 13:33:33.963431+00,127,2025-07-25,false
2553,2025-07-25 13:33:33.963431+00,128,2025-07-25,false
2554,2025-07-25 13:33:33.963431+00,129,2025-07-25,false
2555,2025-07-25 13:33:33.963431+00,233,2025-07-25,false
2556,2025-07-25 13:33:33.963431+00,229,2025-07-25,false
2557,2025-07-25 13:33:33.963431+00,438,2025-07-25,false
2558,2025-07-25 13:33:33.963431+00,31,2025-07-25,false
2559,2025-07-25 13:33:33.963431+00,32,2025-07-25,false
2560,2025-07-25 13:33:33.963431+00,33,2025-07-25,true
2561,2025-07-25 13:33:33.963431+00,34,2025-07-25,true
2562,2025-07-25 13:33:33.963431+00,35,2025-07-25,false
2563,2025-07-25 13:33:33.963431+00,41,2025-07-25,false
2564,2025-07-25 13:33:33.963431+00,43,2025-07-25,true
2565,2025-07-25 13:33:33.963431+00,44,2025-07-25,true
2566,2025-07-25 13:33:33.963431+00,45,2025-07-25,false
2567,2025-07-25 13:33:33.963431+00,46,2025-07-25,true
2568,2025-07-25 13:33:33.963431+00,36,2025-07-25,false
2569,2025-07-25 13:33:33.963431+00,37,2025-07-25,true
2570,2025-07-25 13:33:33.963431+00,38,2025-07-25,false
2571,2025-07-25 13:33:33.963431+00,40,2025-07-25,false
2572,2025-07-25 13:33:33.963431+00,130,2025-07-25,false
2573,2025-07-25 13:33:33.963431+00,131,2025-07-25,false
2574,2025-07-25 13:33:33.963431+00,133,2025-07-25,false
2575,2025-07-25 13:33:33.963431+00,134,2025-07-25,false
2576,2025-07-25 13:33:33.963431+00,135,2025-07-25,false
2577,2025-07-25 13:33:33.963431+00,137,2025-07-25,false
2578,2025-07-25 13:33:33.963431+00,138,2025-07-25,false
2579,2025-07-25 13:33:33.963431+00,139,2025-07-25,true
2580,2025-07-25 13:33:33.963431+00,140,2025-07-25,false
2581,2025-07-25 13:33:33.963431+00,141,2025-07-25,false
2582,2025-07-25 13:33:33.963431+00,142,2025-07-25,false
2583,2025-07-25 13:33:33.963431+00,143,2025-07-25,false
2584,2025-07-25 13:33:33.963431+00,144,2025-07-25,true
2585,2025-07-25 13:33:33.963431+00,145,2025-07-25,false
2586,2025-07-25 13:33:33.963431+00,146,2025-07-25,false
2587,2025-07-25 13:33:33.963431+00,147,2025-07-25,false
2588,2025-07-25 13:33:33.963431+00,150,2025-07-25,false
2589,2025-07-25 13:33:33.963431+00,151,2025-07-25,false
2590,2025-07-25 13:33:33.963431+00,152,2025-07-25,false
2591,2025-07-25 13:33:33.963431+00,153,2025-07-25,false
2592,2025-07-25 13:33:33.963431+00,154,2025-07-25,false
2593,2025-07-25 13:33:33.963431+00,155,2025-07-25,false
2594,2025-07-25 13:33:33.963431+00,156,2025-07-25,false
2595,2025-07-25 13:33:33.963431+00,157,2025-07-25,false
2596,2025-07-25 13:33:33.963431+00,158,2025-07-25,false
2597,2025-07-25 13:33:33.963431+00,159,2025-07-25,false
2598,2025-07-25 13:33:33.963431+00,160,2025-07-25,false
2599,2025-07-25 13:33:33.963431+00,161,2025-07-25,false
2600,2025-07-25 13:33:33.963431+00,162,2025-07-25,false
2601,2025-07-25 13:33:33.963431+00,163,2025-07-25,false
2602,2025-07-25 13:33:33.963431+00,164,2025-07-25,false
2603,2025-07-25 13:33:33.963431+00,165,2025-07-25,false
2604,2025-07-25 13:33:33.963431+00,166,2025-07-25,true
2605,2025-07-25 13:33:33.963431+00,47,2025-07-25,true
2606,2025-07-25 13:33:33.963431+00,48,2025-07-25,true
2607,2025-07-25 13:33:33.963431+00,53,2025-07-25,false
2608,2025-07-25 13:33:33.963431+00,54,2025-07-25,false
2609,2025-07-25 13:33:33.963431+00,49,2025-07-25,true
2610,2025-07-25 13:33:33.963431+00,50,2025-07-25,true
2611,2025-07-25 13:33:33.963431+00,51,2025-07-25,false
2612,2025-07-25 13:33:33.963431+00,52,2025-07-25,false
2613,2025-07-25 13:33:33.963431+00,55,2025-07-25,false
2614,2025-07-25 13:33:33.963431+00,167,2025-07-25,false
2615,2025-07-25 13:33:33.963431+00,168,2025-07-25,false
2616,2025-07-25 13:33:33.963431+00,169,2025-07-25,false
2617,2025-07-25 13:33:33.963431+00,170,2025-07-25,false
2618,2025-07-25 13:33:33.963431+00,179,2025-07-25,false
2619,2025-07-25 13:33:33.963431+00,180,2025-07-25,false
2620,2025-07-25 13:33:33.963431+00,182,2025-07-25,false
2621,2025-07-25 13:33:33.963431+00,183,2025-07-25,false
2622,2025-07-25 13:33:33.963431+00,171,2025-07-25,false
2623,2025-07-25 13:33:33.963431+00,172,2025-07-25,false
2624,2025-07-25 13:33:33.963431+00,173,2025-07-25,false
2625,2025-07-25 13:33:33.963431+00,174,2025-07-25,false
2626,2025-07-25 13:33:33.963431+00,175,2025-07-25,false
2627,2025-07-25 13:33:33.963431+00,176,2025-07-25,false
2628,2025-07-25 13:33:33.963431+00,177,2025-07-25,false
2629,2025-07-25 13:33:33.963431+00,178,2025-07-25,false
2630,2025-07-25 13:33:33.963431+00,194,2025-07-25,false
2631,2025-07-25 13:33:33.963431+00,195,2025-07-25,false
2632,2025-07-25 13:33:33.963431+00,196,2025-07-25,true
2633,2025-07-25 13:33:33.963431+00,197,2025-07-25,false
2634,2025-07-25 13:33:33.963431+00,198,2025-07-25,false
2635,2025-07-25 13:33:33.963431+00,200,2025-07-25,true
2636,2025-07-25 13:33:33.963431+00,202,2025-07-25,true
2637,2025-07-25 13:33:33.963431+00,199,2025-07-25,true
2638,2025-07-25 13:33:33.963431+00,201,2025-07-25,true
2639,2025-07-25 13:33:33.963431+00,203,2025-07-25,false
2640,2025-07-25 13:33:33.963431+00,235,2025-07-25,false
2641,2025-07-25 13:33:33.963431+00,234,2025-07-25,false
2642,2025-07-25 13:33:33.963431+00,236,2025-07-25,false
2643,2025-07-25 13:33:33.963431+00,204,2025-07-25,false
2644,2025-07-25 13:33:33.963431+00,205,2025-07-25,false
4087,2025-07-28 13:13:14.235104+00,57,2025-07-28,false
4088,2025-07-28 13:13:14.235104+00,58,2025-07-28,true
4089,2025-07-28 13:13:14.235104+00,42,2025-07-28,false
4090,2025-07-28 13:13:14.235104+00,59,2025-07-28,true
4091,2025-07-28 13:13:14.235104+00,60,2025-07-28,true
4092,2025-07-28 13:13:14.235104+00,6,2025-07-28,false
4093,2025-07-28 13:13:14.235104+00,23,2025-07-28,false
4094,2025-07-28 13:13:14.235104+00,24,2025-07-28,false
4095,2025-07-28 13:13:14.235104+00,25,2025-07-28,true
4096,2025-07-28 13:13:14.235104+00,26,2025-07-28,true
4097,2025-07-28 13:13:14.235104+00,27,2025-07-28,true
4098,2025-07-28 13:13:14.235104+00,28,2025-07-28,true
4099,2025-07-28 13:13:14.235104+00,29,2025-07-28,true
4100,2025-07-28 13:13:14.235104+00,30,2025-07-28,false
4101,2025-07-28 13:13:14.235104+00,208,2025-07-28,false
4102,2025-07-28 13:13:14.235104+00,2,2025-07-28,false
4103,2025-07-28 13:13:14.235104+00,56,2025-07-28,false
4104,2025-07-28 13:13:14.235104+00,62,2025-07-28,false
4105,2025-07-28 13:13:14.235104+00,75,2025-07-28,true
4106,2025-07-28 13:13:14.235104+00,184,2025-07-28,false
4107,2025-07-28 13:13:14.235104+00,185,2025-07-28,true
4108,2025-07-28 13:13:14.235104+00,186,2025-07-28,false
4109,2025-07-28 13:13:14.235104+00,187,2025-07-28,true
4110,2025-07-28 13:13:14.235104+00,189,2025-07-28,false
4111,2025-07-28 13:13:14.235104+00,190,2025-07-28,false
4112,2025-07-28 13:13:14.235104+00,95,2025-07-28,true
4113,2025-07-28 13:13:14.235104+00,136,2025-07-28,true
4114,2025-07-28 13:13:14.235104+00,191,2025-07-28,true
4115,2025-07-28 13:13:14.235104+00,193,2025-07-28,true
4116,2025-07-28 13:13:14.235104+00,63,2025-07-28,false
4117,2025-07-28 13:13:14.235104+00,64,2025-07-28,true
4118,2025-07-28 13:13:14.235104+00,65,2025-07-28,false
4119,2025-07-28 13:13:14.235104+00,66,2025-07-28,false
4120,2025-07-28 13:13:14.235104+00,67,2025-07-28,true
4121,2025-07-28 13:13:14.235104+00,68,2025-07-28,false
4122,2025-07-28 13:13:14.235104+00,69,2025-07-28,true
4123,2025-07-28 13:13:14.235104+00,70,2025-07-28,false
4124,2025-07-28 13:13:14.235104+00,71,2025-07-28,false
4125,2025-07-28 13:13:14.235104+00,72,2025-07-28,true
4126,2025-07-28 13:13:14.235104+00,73,2025-07-28,false
4127,2025-07-28 13:13:14.235104+00,74,2025-07-28,false
4128,2025-07-28 13:13:14.235104+00,206,2025-07-28,true
4129,2025-07-28 13:13:14.235104+00,76,2025-07-28,false
4130,2025-07-28 13:13:14.235104+00,77,2025-07-28,false
4131,2025-07-28 13:13:14.235104+00,79,2025-07-28,false
4132,2025-07-28 13:13:14.235104+00,80,2025-07-28,false
4133,2025-07-28 13:13:14.235104+00,81,2025-07-28,true
4134,2025-07-28 13:13:14.235104+00,82,2025-07-28,false
4135,2025-07-28 13:13:14.235104+00,83,2025-07-28,false
4136,2025-07-28 13:13:14.235104+00,85,2025-07-28,true
4137,2025-07-28 13:13:14.235104+00,87,2025-07-28,true
4138,2025-07-28 13:13:14.235104+00,88,2025-07-28,true
4139,2025-07-28 13:13:14.235104+00,89,2025-07-28,false
4140,2025-07-28 13:13:14.235104+00,90,2025-07-28,true
4141,2025-07-28 13:13:14.235104+00,91,2025-07-28,true
4142,2025-07-28 13:13:14.235104+00,92,2025-07-28,true
4143,2025-07-28 13:13:14.235104+00,93,2025-07-28,true
4144,2025-07-28 13:13:14.235104+00,94,2025-07-28,true
4145,2025-07-28 13:13:14.235104+00,96,2025-07-28,true
4146,2025-07-28 13:13:14.235104+00,97,2025-07-28,false
4147,2025-07-28 13:13:14.235104+00,98,2025-07-28,false
4148,2025-07-28 13:13:14.235104+00,1,2025-07-28,false
4149,2025-07-28 13:13:14.235104+00,3,2025-07-28,false
4150,2025-07-28 13:13:14.235104+00,4,2025-07-28,false
4151,2025-07-28 13:13:14.235104+00,5,2025-07-28,false
4152,2025-07-28 13:13:14.235104+00,7,2025-07-28,false
4153,2025-07-28 13:13:14.235104+00,9,2025-07-28,false
4154,2025-07-28 13:13:14.235104+00,10,2025-07-28,false
4155,2025-07-28 13:13:14.235104+00,11,2025-07-28,true
4156,2025-07-28 13:13:14.235104+00,12,2025-07-28,true
4157,2025-07-28 13:13:14.235104+00,13,2025-07-28,false
4158,2025-07-28 13:13:14.235104+00,14,2025-07-28,false
4159,2025-07-28 13:13:14.235104+00,15,2025-07-28,false
4160,2025-07-28 13:13:14.235104+00,16,2025-07-28,true
4161,2025-07-28 13:13:14.235104+00,17,2025-07-28,true
4162,2025-07-28 13:13:14.235104+00,99,2025-07-28,false
4163,2025-07-28 13:13:14.235104+00,100,2025-07-28,false
4164,2025-07-28 13:13:14.235104+00,102,2025-07-28,true
4165,2025-07-28 13:13:14.235104+00,103,2025-07-28,true
4166,2025-07-28 13:13:14.235104+00,104,2025-07-28,false
4167,2025-07-28 13:13:14.235104+00,101,2025-07-28,false
4168,2025-07-28 13:13:14.235104+00,231,2025-07-28,true
4169,2025-07-28 13:13:14.235104+00,148,2025-07-28,true
4170,2025-07-28 13:13:14.235104+00,149,2025-07-28,true
4171,2025-07-28 13:13:14.235104+00,105,2025-07-28,true
4172,2025-07-28 13:13:14.235104+00,106,2025-07-28,true
4173,2025-07-28 13:13:14.235104+00,107,2025-07-28,true
4174,2025-07-28 13:13:14.235104+00,108,2025-07-28,true
4175,2025-07-28 13:13:14.235104+00,109,2025-07-28,true
4176,2025-07-28 13:13:14.235104+00,110,2025-07-28,true
4177,2025-07-28 13:13:14.235104+00,230,2025-07-28,false
4178,2025-07-28 13:13:14.235104+00,18,2025-07-28,false
4179,2025-07-28 13:13:14.235104+00,19,2025-07-28,true
4180,2025-07-28 13:13:14.235104+00,20,2025-07-28,false
4181,2025-07-28 13:13:14.235104+00,21,2025-07-28,false
4182,2025-07-28 13:13:14.235104+00,22,2025-07-28,true
4183,2025-07-28 13:13:14.235104+00,111,2025-07-28,false
4184,2025-07-28 13:13:14.235104+00,112,2025-07-28,true
4185,2025-07-28 13:13:14.235104+00,113,2025-07-28,false
4186,2025-07-28 13:13:14.235104+00,114,2025-07-28,false
4187,2025-07-28 13:13:14.235104+00,115,2025-07-28,true
4188,2025-07-28 13:13:14.235104+00,116,2025-07-28,true
4189,2025-07-28 13:13:14.235104+00,117,2025-07-28,true
4190,2025-07-28 13:13:14.235104+00,232,2025-07-28,false
4191,2025-07-28 13:13:14.235104+00,118,2025-07-28,true
4192,2025-07-28 13:13:14.235104+00,119,2025-07-28,false
4193,2025-07-28 13:13:14.235104+00,120,2025-07-28,true
4194,2025-07-28 13:13:14.235104+00,121,2025-07-28,false
4195,2025-07-28 13:13:14.235104+00,122,2025-07-28,false
4196,2025-07-28 13:13:14.235104+00,123,2025-07-28,true
4197,2025-07-28 13:13:14.235104+00,124,2025-07-28,false
4198,2025-07-28 13:13:14.235104+00,125,2025-07-28,false
4199,2025-07-28 13:13:14.235104+00,126,2025-07-28,true
4200,2025-07-28 13:13:14.235104+00,127,2025-07-28,true
4201,2025-07-28 13:13:14.235104+00,128,2025-07-28,true
4202,2025-07-28 13:13:14.235104+00,129,2025-07-28,true
4203,2025-07-28 13:13:14.235104+00,233,2025-07-28,true
4204,2025-07-28 13:13:14.235104+00,229,2025-07-28,true
4205,2025-07-28 13:13:14.235104+00,438,2025-07-28,false
4206,2025-07-28 13:13:14.235104+00,31,2025-07-28,true
4207,2025-07-28 13:13:14.235104+00,32,2025-07-28,false
4208,2025-07-28 13:13:14.235104+00,33,2025-07-28,true
4209,2025-07-28 13:13:14.235104+00,34,2025-07-28,true
4210,2025-07-28 13:13:14.235104+00,35,2025-07-28,true
4211,2025-07-28 13:13:14.235104+00,41,2025-07-28,false
4212,2025-07-28 13:13:14.235104+00,43,2025-07-28,true
4213,2025-07-28 13:13:14.235104+00,44,2025-07-28,true
4214,2025-07-28 13:13:14.235104+00,45,2025-07-28,false
4215,2025-07-28 13:13:14.235104+00,46,2025-07-28,true
4216,2025-07-28 13:13:14.235104+00,36,2025-07-28,true
4217,2025-07-28 13:13:14.235104+00,37,2025-07-28,true
4218,2025-07-28 13:13:14.235104+00,38,2025-07-28,true
4219,2025-07-28 13:13:14.235104+00,40,2025-07-28,true
4220,2025-07-28 13:13:14.235104+00,130,2025-07-28,true
4221,2025-07-28 13:13:14.235104+00,131,2025-07-28,true
4222,2025-07-28 13:13:14.235104+00,133,2025-07-28,true
4223,2025-07-28 13:13:14.235104+00,134,2025-07-28,false
4224,2025-07-28 13:13:14.235104+00,135,2025-07-28,false
4225,2025-07-28 13:13:14.235104+00,137,2025-07-28,true
4226,2025-07-28 13:13:14.235104+00,138,2025-07-28,true
4227,2025-07-28 13:13:14.235104+00,139,2025-07-28,true
4228,2025-07-28 13:13:14.235104+00,140,2025-07-28,false
4229,2025-07-28 13:13:14.235104+00,141,2025-07-28,true
4230,2025-07-28 13:13:14.235104+00,142,2025-07-28,true
4231,2025-07-28 13:13:14.235104+00,143,2025-07-28,true
4232,2025-07-28 13:13:14.235104+00,144,2025-07-28,true
4233,2025-07-28 13:13:14.235104+00,145,2025-07-28,false
4234,2025-07-28 13:13:14.235104+00,146,2025-07-28,true
4235,2025-07-28 13:13:14.235104+00,147,2025-07-28,true
4236,2025-07-28 13:13:14.235104+00,150,2025-07-28,false
4237,2025-07-28 13:13:14.235104+00,151,2025-07-28,true
4238,2025-07-28 13:13:14.235104+00,152,2025-07-28,true
4239,2025-07-28 13:13:14.235104+00,153,2025-07-28,false
4240,2025-07-28 13:13:14.235104+00,154,2025-07-28,true
4241,2025-07-28 13:13:14.235104+00,155,2025-07-28,false
4242,2025-07-28 13:13:14.235104+00,156,2025-07-28,true
4243,2025-07-28 13:13:14.235104+00,157,2025-07-28,false
4244,2025-07-28 13:13:14.235104+00,158,2025-07-28,false
4245,2025-07-28 13:13:14.235104+00,159,2025-07-28,false
4246,2025-07-28 13:13:14.235104+00,160,2025-07-28,true
4247,2025-07-28 13:13:14.235104+00,161,2025-07-28,false
4248,2025-07-28 13:13:14.235104+00,162,2025-07-28,true
4249,2025-07-28 13:13:14.235104+00,163,2025-07-28,false
4250,2025-07-28 13:13:14.235104+00,164,2025-07-28,false
4251,2025-07-28 13:13:14.235104+00,165,2025-07-28,false
4252,2025-07-28 13:13:14.235104+00,166,2025-07-28,true
4253,2025-07-28 13:13:14.235104+00,47,2025-07-28,false
4254,2025-07-28 13:13:14.235104+00,48,2025-07-28,false
4255,2025-07-28 13:13:14.235104+00,53,2025-07-28,true
4256,2025-07-28 13:13:14.235104+00,54,2025-07-28,true
4257,2025-07-28 13:13:14.235104+00,49,2025-07-28,true
4258,2025-07-28 13:13:14.235104+00,50,2025-07-28,true
4259,2025-07-28 13:13:14.235104+00,51,2025-07-28,true
4260,2025-07-28 13:13:14.235104+00,52,2025-07-28,true
4261,2025-07-28 13:13:14.235104+00,55,2025-07-28,true
4262,2025-07-28 13:13:14.235104+00,167,2025-07-28,true
4263,2025-07-28 13:13:14.235104+00,168,2025-07-28,true
4264,2025-07-28 13:13:14.235104+00,169,2025-07-28,false
4265,2025-07-28 13:13:14.235104+00,170,2025-07-28,false
4266,2025-07-28 13:13:14.235104+00,179,2025-07-28,true
4267,2025-07-28 13:13:14.235104+00,180,2025-07-28,true
4268,2025-07-28 13:13:14.235104+00,182,2025-07-28,false
4269,2025-07-28 13:13:14.235104+00,183,2025-07-28,false
4270,2025-07-28 13:13:14.235104+00,171,2025-07-28,false
4271,2025-07-28 13:13:14.235104+00,172,2025-07-28,true
4272,2025-07-28 13:13:14.235104+00,173,2025-07-28,false
4273,2025-07-28 13:13:14.235104+00,174,2025-07-28,true
4274,2025-07-28 13:13:14.235104+00,175,2025-07-28,false
4275,2025-07-28 13:13:14.235104+00,176,2025-07-28,false
4276,2025-07-28 13:13:14.235104+00,177,2025-07-28,false
4277,2025-07-28 13:13:14.235104+00,178,2025-07-28,false
4278,2025-07-28 13:13:14.235104+00,194,2025-07-28,true
4279,2025-07-28 13:13:14.235104+00,195,2025-07-28,false
4280,2025-07-28 13:13:14.235104+00,196,2025-07-28,true
4281,2025-07-28 13:13:14.235104+00,197,2025-07-28,false
4282,2025-07-28 13:13:14.235104+00,198,2025-07-28,true
4283,2025-07-28 13:13:14.235104+00,200,2025-07-28,true
4284,2025-07-28 13:13:14.235104+00,202,2025-07-28,true
4285,2025-07-28 13:13:14.235104+00,199,2025-07-28,true
4286,2025-07-28 13:13:14.235104+00,201,2025-07-28,true
4287,2025-07-28 13:13:14.235104+00,203,2025-07-28,false
4288,2025-07-28 13:13:14.235104+00,235,2025-07-28,true
4289,2025-07-28 13:13:14.235104+00,234,2025-07-28,false
4290,2025-07-28 13:13:14.235104+00,236,2025-07-28,true
4291,2025-07-28 13:13:14.235104+00,204,2025-07-28,true
4292,2025-07-28 13:13:14.235104+00,205,2025-07-28,true
5941,2025-07-31 13:43:38.420609+00,57,2025-07-31,false
5942,2025-07-31 13:43:38.420609+00,58,2025-07-31,true
5943,2025-07-31 13:43:38.420609+00,42,2025-07-31,false
5944,2025-07-31 13:43:38.420609+00,59,2025-07-31,true
5945,2025-07-31 13:43:38.420609+00,60,2025-07-31,true
5946,2025-07-31 13:43:38.420609+00,6,2025-07-31,false
5947,2025-07-31 13:43:38.420609+00,23,2025-07-31,false
5948,2025-07-31 13:43:38.420609+00,24,2025-07-31,false
5949,2025-07-31 13:43:38.420609+00,25,2025-07-31,false
5950,2025-07-31 13:43:38.420609+00,26,2025-07-31,true
5951,2025-07-31 13:43:38.420609+00,27,2025-07-31,true
5952,2025-07-31 13:43:38.420609+00,28,2025-07-31,true
5953,2025-07-31 13:43:38.420609+00,29,2025-07-31,true
5954,2025-07-31 13:43:38.420609+00,30,2025-07-31,false
5955,2025-07-31 13:43:38.420609+00,208,2025-07-31,false
5956,2025-07-31 13:43:38.420609+00,2,2025-07-31,false
5957,2025-07-31 13:43:38.420609+00,56,2025-07-31,true
5958,2025-07-31 13:43:38.420609+00,62,2025-07-31,false
5959,2025-07-31 13:43:38.420609+00,75,2025-07-31,true
5960,2025-07-31 13:43:38.420609+00,184,2025-07-31,false
5961,2025-07-31 13:43:38.420609+00,185,2025-07-31,true
5962,2025-07-31 13:43:38.420609+00,186,2025-07-31,false
5963,2025-07-31 13:43:38.420609+00,187,2025-07-31,true
5964,2025-07-31 13:43:38.420609+00,189,2025-07-31,false
5965,2025-07-31 13:43:38.420609+00,190,2025-07-31,true
5966,2025-07-31 13:43:38.420609+00,95,2025-07-31,true
5967,2025-07-31 13:43:38.420609+00,136,2025-07-31,true
5968,2025-07-31 13:43:38.420609+00,191,2025-07-31,false
5969,2025-07-31 13:43:38.420609+00,193,2025-07-31,true
5970,2025-07-31 13:43:38.420609+00,63,2025-07-31,false
5971,2025-07-31 13:43:38.420609+00,64,2025-07-31,true
5972,2025-07-31 13:43:38.420609+00,65,2025-07-31,false
5973,2025-07-31 13:43:38.420609+00,66,2025-07-31,false
5974,2025-07-31 13:43:38.420609+00,67,2025-07-31,false
5975,2025-07-31 13:43:38.420609+00,68,2025-07-31,false
5976,2025-07-31 13:43:38.420609+00,69,2025-07-31,true
5977,2025-07-31 13:43:38.420609+00,70,2025-07-31,false
5978,2025-07-31 13:43:38.420609+00,71,2025-07-31,false
5979,2025-07-31 13:43:38.420609+00,72,2025-07-31,true
5980,2025-07-31 13:43:38.420609+00,73,2025-07-31,false
5981,2025-07-31 13:43:38.420609+00,74,2025-07-31,true
5982,2025-07-31 13:43:38.420609+00,206,2025-07-31,true
5983,2025-07-31 13:43:38.420609+00,76,2025-07-31,true
5984,2025-07-31 13:43:38.420609+00,77,2025-07-31,false
5985,2025-07-31 13:43:38.420609+00,79,2025-07-31,false
5986,2025-07-31 13:43:38.420609+00,80,2025-07-31,true
5987,2025-07-31 13:43:38.420609+00,81,2025-07-31,true
5988,2025-07-31 13:43:38.420609+00,82,2025-07-31,false
5989,2025-07-31 13:43:38.420609+00,83,2025-07-31,false
5990,2025-07-31 13:43:38.420609+00,85,2025-07-31,true
5991,2025-07-31 13:43:38.420609+00,87,2025-07-31,true
5992,2025-07-31 13:43:38.420609+00,88,2025-07-31,true
5993,2025-07-31 13:43:38.420609+00,89,2025-07-31,false
5994,2025-07-31 13:43:38.420609+00,90,2025-07-31,false
5995,2025-07-31 13:43:38.420609+00,91,2025-07-31,true
5996,2025-07-31 13:43:38.420609+00,92,2025-07-31,true
5997,2025-07-31 13:43:38.420609+00,93,2025-07-31,true
5998,2025-07-31 13:43:38.420609+00,94,2025-07-31,true
5999,2025-07-31 13:43:38.420609+00,96,2025-07-31,true
6000,2025-07-31 13:43:38.420609+00,97,2025-07-31,false
6001,2025-07-31 13:43:38.420609+00,98,2025-07-31,false
6002,2025-07-31 13:43:38.420609+00,1,2025-07-31,false
6003,2025-07-31 13:43:38.420609+00,3,2025-07-31,false
6004,2025-07-31 13:43:38.420609+00,4,2025-07-31,false
6005,2025-07-31 13:43:38.420609+00,5,2025-07-31,false
6006,2025-07-31 13:43:38.420609+00,7,2025-07-31,false
6007,2025-07-31 13:43:38.420609+00,9,2025-07-31,true
6008,2025-07-31 13:43:38.420609+00,10,2025-07-31,false
6009,2025-07-31 13:43:38.420609+00,11,2025-07-31,false
6010,2025-07-31 13:43:38.420609+00,12,2025-07-31,true
6011,2025-07-31 13:43:38.420609+00,13,2025-07-31,false
6012,2025-07-31 13:43:38.420609+00,14,2025-07-31,false
6013,2025-07-31 13:43:38.420609+00,15,2025-07-31,true
6014,2025-07-31 13:43:38.420609+00,16,2025-07-31,false
6015,2025-07-31 13:43:38.420609+00,17,2025-07-31,false
6016,2025-07-31 13:43:38.420609+00,99,2025-07-31,false
6017,2025-07-31 13:43:38.420609+00,100,2025-07-31,false
6018,2025-07-31 13:43:38.420609+00,102,2025-07-31,true
6019,2025-07-31 13:43:38.420609+00,103,2025-07-31,true
6020,2025-07-31 13:43:38.420609+00,104,2025-07-31,false
6021,2025-07-31 13:43:38.420609+00,101,2025-07-31,false
6022,2025-07-31 13:43:38.420609+00,231,2025-07-31,true
6023,2025-07-31 13:43:38.420609+00,148,2025-07-31,true
6024,2025-07-31 13:43:38.420609+00,149,2025-07-31,true
6025,2025-07-31 13:43:38.420609+00,105,2025-07-31,true
6026,2025-07-31 13:43:38.420609+00,106,2025-07-31,true
6027,2025-07-31 13:43:38.420609+00,107,2025-07-31,true
6028,2025-07-31 13:43:38.420609+00,108,2025-07-31,true
6029,2025-07-31 13:43:38.420609+00,109,2025-07-31,true
6030,2025-07-31 13:43:38.420609+00,110,2025-07-31,true
6031,2025-07-31 13:43:38.420609+00,230,2025-07-31,false
6032,2025-07-31 13:43:38.420609+00,18,2025-07-31,false
6033,2025-07-31 13:43:38.420609+00,19,2025-07-31,false
6034,2025-07-31 13:43:38.420609+00,20,2025-07-31,false
6035,2025-07-31 13:43:38.420609+00,21,2025-07-31,false
6036,2025-07-31 13:43:38.420609+00,22,2025-07-31,false
6037,2025-07-31 13:43:38.420609+00,111,2025-07-31,true
6038,2025-07-31 13:43:38.420609+00,112,2025-07-31,true
6039,2025-07-31 13:43:38.420609+00,113,2025-07-31,false
6040,2025-07-31 13:43:38.420609+00,114,2025-07-31,true
6041,2025-07-31 13:43:38.420609+00,115,2025-07-31,true
6042,2025-07-31 13:43:38.420609+00,116,2025-07-31,true
6043,2025-07-31 13:43:38.420609+00,117,2025-07-31,true
6044,2025-07-31 13:43:38.420609+00,232,2025-07-31,true
6045,2025-07-31 13:43:38.420609+00,118,2025-07-31,true
6046,2025-07-31 13:43:38.420609+00,119,2025-07-31,false
6047,2025-07-31 13:43:38.420609+00,120,2025-07-31,true
6048,2025-07-31 13:43:38.420609+00,121,2025-07-31,true
6049,2025-07-31 13:43:38.420609+00,122,2025-07-31,false
6050,2025-07-31 13:43:38.420609+00,123,2025-07-31,true
6051,2025-07-31 13:43:38.420609+00,124,2025-07-31,true
6052,2025-07-31 13:43:38.420609+00,125,2025-07-31,false
6053,2025-07-31 13:43:38.420609+00,126,2025-07-31,true
6054,2025-07-31 13:43:38.420609+00,127,2025-07-31,true
6055,2025-07-31 13:43:38.420609+00,128,2025-07-31,false
6056,2025-07-31 13:43:38.420609+00,129,2025-07-31,false
6057,2025-07-31 13:43:38.420609+00,233,2025-07-31,true
6058,2025-07-31 13:43:38.420609+00,229,2025-07-31,true
6059,2025-07-31 13:43:38.420609+00,438,2025-07-31,true
6060,2025-07-31 13:43:38.420609+00,31,2025-07-31,true
6061,2025-07-31 13:43:38.420609+00,32,2025-07-31,false
6062,2025-07-31 13:43:38.420609+00,33,2025-07-31,true
6063,2025-07-31 13:43:38.420609+00,34,2025-07-31,true
6064,2025-07-31 13:43:38.420609+00,35,2025-07-31,true
6065,2025-07-31 13:43:38.420609+00,41,2025-07-31,false
6066,2025-07-31 13:43:38.420609+00,43,2025-07-31,true
6067,2025-07-31 13:43:38.420609+00,44,2025-07-31,true
6068,2025-07-31 13:43:38.420609+00,45,2025-07-31,true
6069,2025-07-31 13:43:38.420609+00,46,2025-07-31,false
6070,2025-07-31 13:43:38.420609+00,36,2025-07-31,true
6071,2025-07-31 13:43:38.420609+00,37,2025-07-31,true
6072,2025-07-31 13:43:38.420609+00,38,2025-07-31,true
6073,2025-07-31 13:43:38.420609+00,40,2025-07-31,true
6074,2025-07-31 13:43:38.420609+00,130,2025-07-31,false
6075,2025-07-31 13:43:38.420609+00,131,2025-07-31,true
6076,2025-07-31 13:43:38.420609+00,133,2025-07-31,false
6077,2025-07-31 13:43:38.420609+00,134,2025-07-31,false
6078,2025-07-31 13:43:38.420609+00,135,2025-07-31,false
6079,2025-07-31 13:43:38.420609+00,137,2025-07-31,false
6080,2025-07-31 13:43:38.420609+00,138,2025-07-31,true
6081,2025-07-31 13:43:38.420609+00,139,2025-07-31,true
6082,2025-07-31 13:43:38.420609+00,140,2025-07-31,false
6083,2025-07-31 13:43:38.420609+00,141,2025-07-31,true
6084,2025-07-31 13:43:38.420609+00,142,2025-07-31,true
6085,2025-07-31 13:43:38.420609+00,143,2025-07-31,true
6086,2025-07-31 13:43:38.420609+00,144,2025-07-31,true
6087,2025-07-31 13:43:38.420609+00,145,2025-07-31,true
6088,2025-07-31 13:43:38.420609+00,146,2025-07-31,true
6089,2025-07-31 13:43:38.420609+00,147,2025-07-31,true
6090,2025-07-31 13:43:38.420609+00,150,2025-07-31,false
6091,2025-07-31 13:43:38.420609+00,151,2025-07-31,true
6092,2025-07-31 13:43:38.420609+00,152,2025-07-31,true
6093,2025-07-31 13:43:38.420609+00,153,2025-07-31,false
6094,2025-07-31 13:43:38.420609+00,154,2025-07-31,true
6095,2025-07-31 13:43:38.420609+00,155,2025-07-31,false
6096,2025-07-31 13:43:38.420609+00,156,2025-07-31,true
6097,2025-07-31 13:43:38.420609+00,157,2025-07-31,true
6098,2025-07-31 13:43:38.420609+00,158,2025-07-31,false
6099,2025-07-31 13:43:38.420609+00,159,2025-07-31,false
6100,2025-07-31 13:43:38.420609+00,160,2025-07-31,true
6101,2025-07-31 13:43:38.420609+00,161,2025-07-31,false
6102,2025-07-31 13:43:38.420609+00,162,2025-07-31,true
6103,2025-07-31 13:43:38.420609+00,163,2025-07-31,true
6104,2025-07-31 13:43:38.420609+00,164,2025-07-31,true
6105,2025-07-31 13:43:38.420609+00,165,2025-07-31,true
6106,2025-07-31 13:43:38.420609+00,166,2025-07-31,true
6107,2025-07-31 13:43:38.420609+00,47,2025-07-31,false
6108,2025-07-31 13:43:38.420609+00,48,2025-07-31,true
6109,2025-07-31 13:43:38.420609+00,53,2025-07-31,true
6110,2025-07-31 13:43:38.420609+00,54,2025-07-31,true
6111,2025-07-31 13:43:38.420609+00,49,2025-07-31,true
6112,2025-07-31 13:43:38.420609+00,50,2025-07-31,true
6113,2025-07-31 13:43:38.420609+00,51,2025-07-31,true
6114,2025-07-31 13:43:38.420609+00,52,2025-07-31,true
6115,2025-07-31 13:43:38.420609+00,55,2025-07-31,false
6116,2025-07-31 13:43:38.420609+00,167,2025-07-31,true
6117,2025-07-31 13:43:38.420609+00,168,2025-07-31,true
6118,2025-07-31 13:43:38.420609+00,169,2025-07-31,true
6119,2025-07-31 13:43:38.420609+00,170,2025-07-31,true
6120,2025-07-31 13:43:38.420609+00,179,2025-07-31,true
6121,2025-07-31 13:43:38.420609+00,180,2025-07-31,true
6122,2025-07-31 13:43:38.420609+00,182,2025-07-31,false
6123,2025-07-31 13:43:38.420609+00,183,2025-07-31,false
6124,2025-07-31 13:43:38.420609+00,171,2025-07-31,true
6125,2025-07-31 13:43:38.420609+00,172,2025-07-31,true
6126,2025-07-31 13:43:38.420609+00,173,2025-07-31,true
6127,2025-07-31 13:43:38.420609+00,174,2025-07-31,true
6128,2025-07-31 13:43:38.420609+00,175,2025-07-31,false
6129,2025-07-31 13:43:38.420609+00,176,2025-07-31,false
6130,2025-07-31 13:43:38.420609+00,177,2025-07-31,false
6131,2025-07-31 13:43:38.420609+00,178,2025-07-31,false
6132,2025-07-31 13:43:38.420609+00,194,2025-07-31,true
6133,2025-07-31 13:43:38.420609+00,195,2025-07-31,false
6134,2025-07-31 13:43:38.420609+00,196,2025-07-31,true
6135,2025-07-31 13:43:38.420609+00,197,2025-07-31,false
6136,2025-07-31 13:43:38.420609+00,198,2025-07-31,true
6137,2025-07-31 13:43:38.420609+00,200,2025-07-31,true
6138,2025-07-31 13:43:38.420609+00,202,2025-07-31,true
6139,2025-07-31 13:43:38.420609+00,199,2025-07-31,true
6140,2025-07-31 13:43:38.420609+00,201,2025-07-31,true
6141,2025-07-31 13:43:38.420609+00,203,2025-07-31,false
6142,2025-07-31 13:43:38.420609+00,235,2025-07-31,true
6143,2025-07-31 13:43:38.420609+00,234,2025-07-31,false
6144,2025-07-31 13:43:38.420609+00,236,2025-07-31,true
6145,2025-07-31 13:43:38.420609+00,204,2025-07-31,true
6146,2025-07-31 13:43:38.420609+00,205,2025-07-31,false
7589,2025-08-01 16:37:18.080578+00,57,2025-08-01,false
7590,2025-08-01 16:37:18.080578+00,58,2025-08-01,false
7591,2025-08-01 16:37:18.080578+00,42,2025-08-01,false
7592,2025-08-01 16:37:18.080578+00,59,2025-08-01,false
7593,2025-08-01 16:37:18.080578+00,60,2025-08-01,false
7594,2025-08-01 16:37:18.080578+00,6,2025-08-01,false
7595,2025-08-01 16:37:18.080578+00,23,2025-08-01,false
7596,2025-08-01 16:37:18.080578+00,24,2025-08-01,false
7597,2025-08-01 16:37:18.080578+00,25,2025-08-01,false
7598,2025-08-01 16:37:18.080578+00,26,2025-08-01,false
7599,2025-08-01 16:37:18.080578+00,27,2025-08-01,false
7600,2025-08-01 16:37:18.080578+00,28,2025-08-01,false
7601,2025-08-01 16:37:18.080578+00,29,2025-08-01,false
7602,2025-08-01 16:37:18.080578+00,30,2025-08-01,false
7603,2025-08-01 16:37:18.080578+00,208,2025-08-01,false
7604,2025-08-01 16:37:18.080578+00,2,2025-08-01,false
7605,2025-08-01 16:37:18.080578+00,56,2025-08-01,false
7606,2025-08-01 16:37:18.080578+00,62,2025-08-01,false
7607,2025-08-01 16:37:18.080578+00,75,2025-08-01,false
7608,2025-08-01 16:37:18.080578+00,184,2025-08-01,true
7609,2025-08-01 16:37:18.080578+00,185,2025-08-01,true
7610,2025-08-01 16:37:18.080578+00,186,2025-08-01,true
7611,2025-08-01 16:37:18.080578+00,187,2025-08-01,true
7612,2025-08-01 16:37:18.080578+00,189,2025-08-01,true
7613,2025-08-01 16:37:18.080578+00,190,2025-08-01,true
7614,2025-08-01 16:37:18.080578+00,95,2025-08-01,false
7615,2025-08-01 16:37:18.080578+00,136,2025-08-01,false
7616,2025-08-01 16:37:18.080578+00,191,2025-08-01,false
7617,2025-08-01 16:37:18.080578+00,193,2025-08-01,true
7618,2025-08-01 16:37:18.080578+00,63,2025-08-01,false
7619,2025-08-01 16:37:18.080578+00,64,2025-08-01,true
7620,2025-08-01 16:37:18.080578+00,65,2025-08-01,false
7621,2025-08-01 16:37:18.080578+00,66,2025-08-01,false
7622,2025-08-01 16:37:18.080578+00,67,2025-08-01,false
7623,2025-08-01 16:37:18.080578+00,68,2025-08-01,false
7624,2025-08-01 16:37:18.080578+00,69,2025-08-01,true
7625,2025-08-01 16:37:18.080578+00,70,2025-08-01,false
7626,2025-08-01 16:37:18.080578+00,71,2025-08-01,false
7627,2025-08-01 16:37:18.080578+00,72,2025-08-01,true
7628,2025-08-01 16:37:18.080578+00,73,2025-08-01,false
7629,2025-08-01 16:37:18.080578+00,74,2025-08-01,true
7630,2025-08-01 16:37:18.080578+00,206,2025-08-01,true
7631,2025-08-01 16:37:18.080578+00,76,2025-08-01,false
7632,2025-08-01 16:37:18.080578+00,77,2025-08-01,false
7633,2025-08-01 16:37:18.080578+00,79,2025-08-01,false
7634,2025-08-01 16:37:18.080578+00,80,2025-08-01,true
7635,2025-08-01 16:37:18.080578+00,81,2025-08-01,true
7636,2025-08-01 16:37:18.080578+00,82,2025-08-01,false
7637,2025-08-01 16:37:18.080578+00,83,2025-08-01,false
7638,2025-08-01 16:37:18.080578+00,85,2025-08-01,false
7639,2025-08-01 16:37:18.080578+00,87,2025-08-01,false
7640,2025-08-01 16:37:18.080578+00,88,2025-08-01,false
7641,2025-08-01 16:37:18.080578+00,89,2025-08-01,false
7642,2025-08-01 16:37:18.080578+00,90,2025-08-01,false
7643,2025-08-01 16:37:18.080578+00,91,2025-08-01,false
7644,2025-08-01 16:37:18.080578+00,92,2025-08-01,true
7645,2025-08-01 16:37:18.080578+00,93,2025-08-01,false
7646,2025-08-01 16:37:18.080578+00,94,2025-08-01,false
7647,2025-08-01 16:37:18.080578+00,96,2025-08-01,true
7648,2025-08-01 16:37:18.080578+00,97,2025-08-01,false
7649,2025-08-01 16:37:18.080578+00,98,2025-08-01,false
7650,2025-08-01 16:37:18.080578+00,1,2025-08-01,false
7651,2025-08-01 16:37:18.080578+00,3,2025-08-01,false
7652,2025-08-01 16:37:18.080578+00,4,2025-08-01,false
7653,2025-08-01 16:37:18.080578+00,5,2025-08-01,false
7654,2025-08-01 16:37:18.080578+00,7,2025-08-01,false
7655,2025-08-01 16:37:18.080578+00,9,2025-08-01,false
7656,2025-08-01 16:37:18.080578+00,10,2025-08-01,false
7657,2025-08-01 16:37:18.080578+00,11,2025-08-01,false
7658,2025-08-01 16:37:18.080578+00,12,2025-08-01,false
7659,2025-08-01 16:37:18.080578+00,13,2025-08-01,false
7660,2025-08-01 16:37:18.080578+00,14,2025-08-01,false
7661,2025-08-01 16:37:18.080578+00,15,2025-08-01,false
7662,2025-08-01 16:37:18.080578+00,16,2025-08-01,false
7663,2025-08-01 16:37:18.080578+00,17,2025-08-01,false
7664,2025-08-01 16:37:18.080578+00,99,2025-08-01,false
7665,2025-08-01 16:37:18.080578+00,100,2025-08-01,false
7666,2025-08-01 16:37:18.080578+00,102,2025-08-01,true
7667,2025-08-01 16:37:18.080578+00,103,2025-08-01,true
7668,2025-08-01 16:37:18.080578+00,104,2025-08-01,false
7669,2025-08-01 16:37:18.080578+00,101,2025-08-01,false
7670,2025-08-01 16:37:18.080578+00,231,2025-08-01,true
7671,2025-08-01 16:37:18.080578+00,148,2025-08-01,false
7672,2025-08-01 16:37:18.080578+00,149,2025-08-01,false
7673,2025-08-01 16:37:18.080578+00,105,2025-08-01,false
7674,2025-08-01 16:37:18.080578+00,106,2025-08-01,false
7675,2025-08-01 16:37:18.080578+00,107,2025-08-01,true
7676,2025-08-01 16:37:18.080578+00,108,2025-08-01,false
7677,2025-08-01 16:37:18.080578+00,109,2025-08-01,false
7678,2025-08-01 16:37:18.080578+00,110,2025-08-01,true
7679,2025-08-01 16:37:18.080578+00,230,2025-08-01,false
7680,2025-08-01 16:37:18.080578+00,18,2025-08-01,false
7681,2025-08-01 16:37:18.080578+00,19,2025-08-01,false
7682,2025-08-01 16:37:18.080578+00,20,2025-08-01,false
7683,2025-08-01 16:37:18.080578+00,21,2025-08-01,false
7684,2025-08-01 16:37:18.080578+00,22,2025-08-01,false
7685,2025-08-01 16:37:18.080578+00,111,2025-08-01,false
7686,2025-08-01 16:37:18.080578+00,112,2025-08-01,false
7687,2025-08-01 16:37:18.080578+00,113,2025-08-01,false
7688,2025-08-01 16:37:18.080578+00,114,2025-08-01,false
7689,2025-08-01 16:37:18.080578+00,115,2025-08-01,false
7690,2025-08-01 16:37:18.080578+00,116,2025-08-01,false
7691,2025-08-01 16:37:18.080578+00,117,2025-08-01,false
7692,2025-08-01 16:37:18.080578+00,232,2025-08-01,false
7693,2025-08-01 16:37:18.080578+00,118,2025-08-01,false
7694,2025-08-01 16:37:18.080578+00,119,2025-08-01,false
7695,2025-08-01 16:37:18.080578+00,120,2025-08-01,false
7696,2025-08-01 16:37:18.080578+00,121,2025-08-01,false
7697,2025-08-01 16:37:18.080578+00,122,2025-08-01,false
7698,2025-08-01 16:37:18.080578+00,123,2025-08-01,true
7699,2025-08-01 16:37:18.080578+00,124,2025-08-01,false
7700,2025-08-01 16:37:18.080578+00,125,2025-08-01,false
7701,2025-08-01 16:37:18.080578+00,126,2025-08-01,false
7702,2025-08-01 16:37:18.080578+00,127,2025-08-01,false
7703,2025-08-01 16:37:18.080578+00,128,2025-08-01,false
7704,2025-08-01 16:37:18.080578+00,129,2025-08-01,false
7705,2025-08-01 16:37:18.080578+00,233,2025-08-01,false
7706,2025-08-01 16:37:18.080578+00,229,2025-08-01,false
7707,2025-08-01 16:37:18.080578+00,438,2025-08-01,false
7708,2025-08-01 16:37:18.080578+00,31,2025-08-01,false
7709,2025-08-01 16:37:18.080578+00,32,2025-08-01,false
7710,2025-08-01 16:37:18.080578+00,33,2025-08-01,false
7711,2025-08-01 16:37:18.080578+00,34,2025-08-01,false
7712,2025-08-01 16:37:18.080578+00,35,2025-08-01,false
7713,2025-08-01 16:37:18.080578+00,41,2025-08-01,false
7714,2025-08-01 16:37:18.080578+00,43,2025-08-01,true
7715,2025-08-01 16:37:18.080578+00,44,2025-08-01,false
7716,2025-08-01 16:37:18.080578+00,45,2025-08-01,false
7717,2025-08-01 16:37:18.080578+00,46,2025-08-01,false
7718,2025-08-01 16:37:18.080578+00,36,2025-08-01,false
7719,2025-08-01 16:37:18.080578+00,37,2025-08-01,false
7720,2025-08-01 16:37:18.080578+00,38,2025-08-01,false
7721,2025-08-01 16:37:18.080578+00,40,2025-08-01,false
7722,2025-08-01 16:37:18.080578+00,130,2025-08-01,false
7723,2025-08-01 16:37:18.080578+00,131,2025-08-01,false
7724,2025-08-01 16:37:18.080578+00,133,2025-08-01,false
7725,2025-08-01 16:37:18.080578+00,134,2025-08-01,false
7726,2025-08-01 16:37:18.080578+00,135,2025-08-01,false
7727,2025-08-01 16:37:18.080578+00,137,2025-08-01,false
7728,2025-08-01 16:37:18.080578+00,138,2025-08-01,false
7729,2025-08-01 16:37:18.080578+00,139,2025-08-01,true
7730,2025-08-01 16:37:18.080578+00,140,2025-08-01,false
7731,2025-08-01 16:37:18.080578+00,141,2025-08-01,false
7732,2025-08-01 16:37:18.080578+00,142,2025-08-01,false
7733,2025-08-01 16:37:18.080578+00,143,2025-08-01,false
7734,2025-08-01 16:37:18.080578+00,144,2025-08-01,true
7735,2025-08-01 16:37:18.080578+00,145,2025-08-01,false
7736,2025-08-01 16:37:18.080578+00,146,2025-08-01,true
7737,2025-08-01 16:37:18.080578+00,147,2025-08-01,false
7738,2025-08-01 16:37:18.080578+00,150,2025-08-01,false
7739,2025-08-01 16:37:18.080578+00,151,2025-08-01,false
7740,2025-08-01 16:37:18.080578+00,152,2025-08-01,false
7741,2025-08-01 16:37:18.080578+00,153,2025-08-01,false
7742,2025-08-01 16:37:18.080578+00,154,2025-08-01,false
7743,2025-08-01 16:37:18.080578+00,155,2025-08-01,false
7744,2025-08-01 16:37:18.080578+00,156,2025-08-01,false
7745,2025-08-01 16:37:18.080578+00,157,2025-08-01,false
7746,2025-08-01 16:37:18.080578+00,158,2025-08-01,false
7747,2025-08-01 16:37:18.080578+00,159,2025-08-01,false
7748,2025-08-01 16:37:18.080578+00,160,2025-08-01,false
7749,2025-08-01 16:37:18.080578+00,161,2025-08-01,true
7750,2025-08-01 16:37:18.080578+00,162,2025-08-01,true
7751,2025-08-01 16:37:18.080578+00,163,2025-08-01,false
7752,2025-08-01 16:37:18.080578+00,164,2025-08-01,false
7753,2025-08-01 16:37:18.080578+00,165,2025-08-01,false
7754,2025-08-01 16:37:18.080578+00,166,2025-08-01,false
7755,2025-08-01 16:37:18.080578+00,47,2025-08-01,false
7756,2025-08-01 16:37:18.080578+00,48,2025-08-01,true
7757,2025-08-01 16:37:18.080578+00,53,2025-08-01,true
7758,2025-08-01 16:37:18.080578+00,54,2025-08-01,true
7759,2025-08-01 16:37:18.080578+00,49,2025-08-01,false
7760,2025-08-01 16:37:18.080578+00,50,2025-08-01,false
7761,2025-08-01 16:37:18.080578+00,51,2025-08-01,true
7762,2025-08-01 16:37:18.080578+00,52,2025-08-01,false
7763,2025-08-01 16:37:18.080578+00,55,2025-08-01,false
7764,2025-08-01 16:37:18.080578+00,167,2025-08-01,false
7765,2025-08-01 16:37:18.080578+00,168,2025-08-01,true
7766,2025-08-01 16:37:18.080578+00,169,2025-08-01,false
7767,2025-08-01 16:37:18.080578+00,170,2025-08-01,false
7768,2025-08-01 16:37:18.080578+00,179,2025-08-01,true
7769,2025-08-01 16:37:18.080578+00,180,2025-08-01,true
7770,2025-08-01 16:37:18.080578+00,182,2025-08-01,true
7771,2025-08-01 16:37:18.080578+00,183,2025-08-01,true
7772,2025-08-01 16:37:18.080578+00,171,2025-08-01,false
7773,2025-08-01 16:37:18.080578+00,172,2025-08-01,false
7774,2025-08-01 16:37:18.080578+00,173,2025-08-01,false
7775,2025-08-01 16:37:18.080578+00,174,2025-08-01,false
7776,2025-08-01 16:37:18.080578+00,175,2025-08-01,true
7777,2025-08-01 16:37:18.080578+00,176,2025-08-01,true
7778,2025-08-01 16:37:18.080578+00,177,2025-08-01,true
7779,2025-08-01 16:37:18.080578+00,178,2025-08-01,true
7780,2025-08-01 16:37:18.080578+00,194,2025-08-01,false
7781,2025-08-01 16:37:18.080578+00,195,2025-08-01,false
7782,2025-08-01 16:37:18.080578+00,196,2025-08-01,true
7783,2025-08-01 16:37:18.080578+00,197,2025-08-01,false
7784,2025-08-01 16:37:18.080578+00,198,2025-08-01,true
7785,2025-08-01 16:37:18.080578+00,200,2025-08-01,false
7786,2025-08-01 16:37:18.080578+00,202,2025-08-01,false
7787,2025-08-01 16:37:18.080578+00,199,2025-08-01,true
7788,2025-08-01 16:37:18.080578+00,201,2025-08-01,false
7789,2025-08-01 16:37:18.080578+00,203,2025-08-01,true
7790,2025-08-01 16:37:18.080578+00,235,2025-08-01,false
7791,2025-08-01 16:37:18.080578+00,234,2025-08-01,false
7792,2025-08-01 16:37:18.080578+00,236,2025-08-01,true
7793,2025-08-01 16:37:18.080578+00,204,2025-08-01,false
7794,2025-08-01 16:37:18.080578+00,205,2025-08-01,false
9031,2025-08-05 12:37:17.355466+00,57,2025-08-05,false
9032,2025-08-05 12:37:17.355466+00,58,2025-08-05,true
9033,2025-08-05 12:37:17.355466+00,42,2025-08-05,true
9034,2025-08-05 12:37:17.355466+00,59,2025-08-05,true
9035,2025-08-05 12:37:17.355466+00,60,2025-08-05,true
9036,2025-08-05 12:37:17.355466+00,6,2025-08-05,false
9037,2025-08-05 12:37:17.355466+00,23,2025-08-05,false
9038,2025-08-05 12:37:17.355466+00,24,2025-08-05,false
9039,2025-08-05 12:37:17.355466+00,25,2025-08-05,true
9040,2025-08-05 12:37:17.355466+00,26,2025-08-05,true
9041,2025-08-05 12:37:17.355466+00,27,2025-08-05,true
9042,2025-08-05 12:37:17.355466+00,28,2025-08-05,false
9043,2025-08-05 12:37:17.355466+00,29,2025-08-05,true
9044,2025-08-05 12:37:17.355466+00,30,2025-08-05,false
9045,2025-08-05 12:37:17.355466+00,208,2025-08-05,false
9046,2025-08-05 12:37:17.355466+00,2,2025-08-05,false
9047,2025-08-05 12:37:17.355466+00,56,2025-08-05,false
9048,2025-08-05 12:37:17.355466+00,62,2025-08-05,false
9049,2025-08-05 12:37:17.355466+00,75,2025-08-05,true
9050,2025-08-05 12:37:17.355466+00,184,2025-08-05,false
9051,2025-08-05 12:37:17.355466+00,185,2025-08-05,true
9052,2025-08-05 12:37:17.355466+00,186,2025-08-05,false
9053,2025-08-05 12:37:17.355466+00,187,2025-08-05,true
9054,2025-08-05 12:37:17.355466+00,189,2025-08-05,true
9055,2025-08-05 12:37:17.355466+00,190,2025-08-05,true
9056,2025-08-05 12:37:17.355466+00,95,2025-08-05,true
9057,2025-08-05 12:37:17.355466+00,136,2025-08-05,true
9058,2025-08-05 12:37:17.355466+00,191,2025-08-05,true
9059,2025-08-05 12:37:17.355466+00,193,2025-08-05,true
9060,2025-08-05 12:37:17.355466+00,63,2025-08-05,true
9061,2025-08-05 12:37:17.355466+00,64,2025-08-05,true
9062,2025-08-05 12:37:17.355466+00,65,2025-08-05,false
9063,2025-08-05 12:37:17.355466+00,66,2025-08-05,false
9064,2025-08-05 12:37:17.355466+00,67,2025-08-05,false
9065,2025-08-05 12:37:17.355466+00,68,2025-08-05,false
9066,2025-08-05 12:37:17.355466+00,69,2025-08-05,true
9067,2025-08-05 12:37:17.355466+00,70,2025-08-05,false
9068,2025-08-05 12:37:17.355466+00,71,2025-08-05,false
9069,2025-08-05 12:37:17.355466+00,72,2025-08-05,true
9070,2025-08-05 12:37:17.355466+00,73,2025-08-05,false
9071,2025-08-05 12:37:17.355466+00,74,2025-08-05,true
9072,2025-08-05 12:37:17.355466+00,206,2025-08-05,true
9073,2025-08-05 12:37:17.355466+00,76,2025-08-05,true
9074,2025-08-05 12:37:17.355466+00,77,2025-08-05,false
9075,2025-08-05 12:37:17.355466+00,79,2025-08-05,true
9076,2025-08-05 12:37:17.355466+00,80,2025-08-05,true
9077,2025-08-05 12:37:17.355466+00,81,2025-08-05,true
9078,2025-08-05 12:37:17.355466+00,82,2025-08-05,true
9079,2025-08-05 12:37:17.355466+00,83,2025-08-05,false
9080,2025-08-05 12:37:17.355466+00,85,2025-08-05,true
9081,2025-08-05 12:37:17.355466+00,87,2025-08-05,true
9082,2025-08-05 12:37:17.355466+00,88,2025-08-05,true
9083,2025-08-05 12:37:17.355466+00,89,2025-08-05,false
9084,2025-08-05 12:37:17.355466+00,90,2025-08-05,true
9085,2025-08-05 12:37:17.355466+00,91,2025-08-05,true
9086,2025-08-05 12:37:17.355466+00,92,2025-08-05,true
9087,2025-08-05 12:37:17.355466+00,93,2025-08-05,true
9088,2025-08-05 12:37:17.355466+00,94,2025-08-05,true
9089,2025-08-05 12:37:17.355466+00,96,2025-08-05,true
9090,2025-08-05 12:37:17.355466+00,97,2025-08-05,false
9091,2025-08-05 12:37:17.355466+00,98,2025-08-05,false
9092,2025-08-05 12:37:17.355466+00,1,2025-08-05,false
9093,2025-08-05 12:37:17.355466+00,3,2025-08-05,false
9094,2025-08-05 12:37:17.355466+00,4,2025-08-05,false
9095,2025-08-05 12:37:17.355466+00,5,2025-08-05,false
9096,2025-08-05 12:37:17.355466+00,7,2025-08-05,false
9097,2025-08-05 12:37:17.355466+00,9,2025-08-05,false
9098,2025-08-05 12:37:17.355466+00,10,2025-08-05,false
9099,2025-08-05 12:37:17.355466+00,11,2025-08-05,true
9100,2025-08-05 12:37:17.355466+00,12,2025-08-05,true
9101,2025-08-05 12:37:17.355466+00,13,2025-08-05,false
9102,2025-08-05 12:37:17.355466+00,14,2025-08-05,false
9103,2025-08-05 12:37:17.355466+00,15,2025-08-05,false
9104,2025-08-05 12:37:17.355466+00,16,2025-08-05,true
9105,2025-08-05 12:37:17.355466+00,17,2025-08-05,true
9106,2025-08-05 12:37:17.355466+00,99,2025-08-05,false
9107,2025-08-05 12:37:17.355466+00,100,2025-08-05,false
9108,2025-08-05 12:37:17.355466+00,102,2025-08-05,true
9109,2025-08-05 12:37:17.355466+00,103,2025-08-05,true
9110,2025-08-05 12:37:17.355466+00,104,2025-08-05,false
9111,2025-08-05 12:37:17.355466+00,101,2025-08-05,false
9112,2025-08-05 12:37:17.355466+00,231,2025-08-05,true
9113,2025-08-05 12:37:17.355466+00,148,2025-08-05,true
9114,2025-08-05 12:37:17.355466+00,149,2025-08-05,true
9115,2025-08-05 12:37:17.355466+00,105,2025-08-05,true
9116,2025-08-05 12:37:17.355466+00,106,2025-08-05,true
9117,2025-08-05 12:37:17.355466+00,107,2025-08-05,true
9118,2025-08-05 12:37:17.355466+00,108,2025-08-05,true
9119,2025-08-05 12:37:17.355466+00,109,2025-08-05,true
9120,2025-08-05 12:37:17.355466+00,110,2025-08-05,true
9121,2025-08-05 12:37:17.355466+00,230,2025-08-05,false
9122,2025-08-05 12:37:17.355466+00,18,2025-08-05,false
9123,2025-08-05 12:37:17.355466+00,19,2025-08-05,false
9124,2025-08-05 12:37:17.355466+00,20,2025-08-05,false
9125,2025-08-05 12:37:17.355466+00,21,2025-08-05,false
9126,2025-08-05 12:37:17.355466+00,22,2025-08-05,false
9127,2025-08-05 12:37:17.355466+00,111,2025-08-05,true
9128,2025-08-05 12:37:17.355466+00,112,2025-08-05,true
9129,2025-08-05 12:37:17.355466+00,113,2025-08-05,false
9130,2025-08-05 12:37:17.355466+00,114,2025-08-05,true
9131,2025-08-05 12:37:17.355466+00,115,2025-08-05,true
9132,2025-08-05 12:37:17.355466+00,116,2025-08-05,true
9133,2025-08-05 12:37:17.355466+00,117,2025-08-05,false
9134,2025-08-05 12:37:17.355466+00,232,2025-08-05,false
9135,2025-08-05 12:37:17.355466+00,118,2025-08-05,true
9136,2025-08-05 12:37:17.355466+00,119,2025-08-05,false
9137,2025-08-05 12:37:17.355466+00,120,2025-08-05,true
9138,2025-08-05 12:37:17.355466+00,121,2025-08-05,true
9139,2025-08-05 12:37:17.355466+00,122,2025-08-05,false
9140,2025-08-05 12:37:17.355466+00,123,2025-08-05,true
9141,2025-08-05 12:37:17.355466+00,124,2025-08-05,true
9142,2025-08-05 12:37:17.355466+00,125,2025-08-05,true
9143,2025-08-05 12:37:17.355466+00,126,2025-08-05,true
9144,2025-08-05 12:37:17.355466+00,127,2025-08-05,true
9145,2025-08-05 12:37:17.355466+00,128,2025-08-05,false
9146,2025-08-05 12:37:17.355466+00,129,2025-08-05,true
9147,2025-08-05 12:37:17.355466+00,233,2025-08-05,true
9148,2025-08-05 12:37:17.355466+00,229,2025-08-05,true
9149,2025-08-05 12:37:17.355466+00,438,2025-08-05,true
9150,2025-08-05 12:37:17.355466+00,31,2025-08-05,false
9151,2025-08-05 12:37:17.355466+00,32,2025-08-05,true
9152,2025-08-05 12:37:17.355466+00,33,2025-08-05,false
9153,2025-08-05 12:37:17.355466+00,34,2025-08-05,true
9154,2025-08-05 12:37:17.355466+00,35,2025-08-05,true
9155,2025-08-05 12:37:17.355466+00,41,2025-08-05,true
9156,2025-08-05 12:37:17.355466+00,43,2025-08-05,true
9157,2025-08-05 12:37:17.355466+00,44,2025-08-05,false
9158,2025-08-05 12:37:17.355466+00,45,2025-08-05,true
9159,2025-08-05 12:37:17.355466+00,46,2025-08-05,false
9160,2025-08-05 12:37:17.355466+00,36,2025-08-05,false
9161,2025-08-05 12:37:17.355466+00,37,2025-08-05,true
9162,2025-08-05 12:37:17.355466+00,38,2025-08-05,false
9163,2025-08-05 12:37:17.355466+00,40,2025-08-05,false
9164,2025-08-05 12:37:17.355466+00,130,2025-08-05,true
9165,2025-08-05 12:37:17.355466+00,131,2025-08-05,true
9166,2025-08-05 12:37:17.355466+00,133,2025-08-05,true
9167,2025-08-05 12:37:17.355466+00,134,2025-08-05,false
9168,2025-08-05 12:37:17.355466+00,135,2025-08-05,true
9169,2025-08-05 12:37:17.355466+00,137,2025-08-05,true
9170,2025-08-05 12:37:17.355466+00,138,2025-08-05,true
9171,2025-08-05 12:37:17.355466+00,139,2025-08-05,true
9172,2025-08-05 12:37:17.355466+00,140,2025-08-05,true
9173,2025-08-05 12:37:17.355466+00,141,2025-08-05,true
9174,2025-08-05 12:37:17.355466+00,142,2025-08-05,true
9175,2025-08-05 12:37:17.355466+00,143,2025-08-05,true
9176,2025-08-05 12:37:17.355466+00,144,2025-08-05,true
9177,2025-08-05 12:37:17.355466+00,145,2025-08-05,true
9178,2025-08-05 12:37:17.355466+00,146,2025-08-05,true
9179,2025-08-05 12:37:17.355466+00,147,2025-08-05,true
9180,2025-08-05 12:37:17.355466+00,150,2025-08-05,false
9181,2025-08-05 12:37:17.355466+00,151,2025-08-05,true
9182,2025-08-05 12:37:17.355466+00,152,2025-08-05,false
9183,2025-08-05 12:37:17.355466+00,153,2025-08-05,false
9184,2025-08-05 12:37:17.355466+00,154,2025-08-05,true
9185,2025-08-05 12:37:17.355466+00,155,2025-08-05,false
9186,2025-08-05 12:37:17.355466+00,156,2025-08-05,true
9187,2025-08-05 12:37:17.355466+00,157,2025-08-05,true
9188,2025-08-05 12:37:17.355466+00,158,2025-08-05,false
9189,2025-08-05 12:37:17.355466+00,159,2025-08-05,false
9190,2025-08-05 12:37:17.355466+00,160,2025-08-05,false
9191,2025-08-05 12:37:17.355466+00,161,2025-08-05,false
9192,2025-08-05 12:37:17.355466+00,162,2025-08-05,true
9193,2025-08-05 12:37:17.355466+00,163,2025-08-05,false
9194,2025-08-05 12:37:17.355466+00,164,2025-08-05,false
9195,2025-08-05 12:37:17.355466+00,165,2025-08-05,false
9196,2025-08-05 12:37:17.355466+00,166,2025-08-05,true
9197,2025-08-05 12:37:17.355466+00,47,2025-08-05,false
9198,2025-08-05 12:37:17.355466+00,48,2025-08-05,true
9199,2025-08-05 12:37:17.355466+00,53,2025-08-05,false
9200,2025-08-05 12:37:17.355466+00,54,2025-08-05,false
9201,2025-08-05 12:37:17.355466+00,49,2025-08-05,false
9202,2025-08-05 12:37:17.355466+00,50,2025-08-05,true
9203,2025-08-05 12:37:17.355466+00,51,2025-08-05,false
9204,2025-08-05 12:37:17.355466+00,52,2025-08-05,false
9205,2025-08-05 12:37:17.355466+00,55,2025-08-05,false
9206,2025-08-05 12:37:17.355466+00,167,2025-08-05,true
9207,2025-08-05 12:37:17.355466+00,168,2025-08-05,true
9208,2025-08-05 12:37:17.355466+00,169,2025-08-05,true
9209,2025-08-05 12:37:17.355466+00,170,2025-08-05,false
9210,2025-08-05 12:37:17.355466+00,179,2025-08-05,true
9211,2025-08-05 12:37:17.355466+00,180,2025-08-05,true
9212,2025-08-05 12:37:17.355466+00,182,2025-08-05,false
9213,2025-08-05 12:37:17.355466+00,183,2025-08-05,false
9214,2025-08-05 12:37:17.355466+00,171,2025-08-05,false
9215,2025-08-05 12:37:17.355466+00,172,2025-08-05,true
9216,2025-08-05 12:37:17.355466+00,173,2025-08-05,false
9217,2025-08-05 12:37:17.355466+00,174,2025-08-05,true
9218,2025-08-05 12:37:17.355466+00,175,2025-08-05,false
9219,2025-08-05 12:37:17.355466+00,176,2025-08-05,false
9220,2025-08-05 12:37:17.355466+00,177,2025-08-05,true
9221,2025-08-05 12:37:17.355466+00,178,2025-08-05,false
9222,2025-08-05 12:37:17.355466+00,194,2025-08-05,true
9223,2025-08-05 12:37:17.355466+00,195,2025-08-05,false
9224,2025-08-05 12:37:17.355466+00,196,2025-08-05,true
9225,2025-08-05 12:37:17.355466+00,197,2025-08-05,false
9226,2025-08-05 12:37:17.355466+00,198,2025-08-05,true
9227,2025-08-05 12:37:17.355466+00,200,2025-08-05,true
9228,2025-08-05 12:37:17.355466+00,202,2025-08-05,true
9229,2025-08-05 12:37:17.355466+00,199,2025-08-05,true
9230,2025-08-05 12:37:17.355466+00,201,2025-08-05,true
9231,2025-08-05 12:37:17.355466+00,203,2025-08-05,false
9232,2025-08-05 12:37:17.355466+00,235,2025-08-05,true
9233,2025-08-05 12:37:17.355466+00,234,2025-08-05,true
9234,2025-08-05 12:37:17.355466+00,236,2025-08-05,true
9235,2025-08-05 12:37:17.355466+00,204,2025-08-05,true
9236,2025-08-05 12:37:17.355466+00,205,2025-08-05,true
11091,2026-05-25 16:16:56.50043+00,57,2026-05-25,false
11092,2026-05-25 16:16:56.50043+00,58,2026-05-25,false
11093,2026-05-25 16:16:56.50043+00,42,2026-05-25,false
11094,2026-05-25 16:16:56.50043+00,14607,2026-05-25,false
11095,2026-05-25 16:16:56.50043+00,59,2026-05-25,false
11096,2026-05-25 16:16:56.50043+00,60,2026-05-25,false
11097,2026-05-25 16:16:56.50043+00,6,2026-05-25,false
11098,2026-05-25 16:16:56.50043+00,23,2026-05-25,false
11099,2026-05-25 16:16:56.50043+00,24,2026-05-25,false
11100,2026-05-25 16:16:56.50043+00,25,2026-05-25,false
11101,2026-05-25 16:16:56.50043+00,26,2026-05-25,false
11102,2026-05-25 16:16:56.50043+00,27,2026-05-25,false
11103,2026-05-25 16:16:56.50043+00,28,2026-05-25,false
11104,2026-05-25 16:16:56.50043+00,29,2026-05-25,false
11105,2026-05-25 16:16:56.50043+00,30,2026-05-25,false
11106,2026-05-25 16:16:56.50043+00,208,2026-05-25,false
11107,2026-05-25 16:16:56.50043+00,2,2026-05-25,true
11108,2026-05-25 16:16:56.50043+00,56,2026-05-25,false
11109,2026-05-25 16:16:56.50043+00,62,2026-05-25,false
11110,2026-05-25 16:16:56.50043+00,75,2026-05-25,false
11111,2026-05-25 16:16:56.50043+00,184,2026-05-25,false
11112,2026-05-25 16:16:56.50043+00,185,2026-05-25,false
11113,2026-05-25 16:16:56.50043+00,186,2026-05-25,false
11114,2026-05-25 16:16:56.50043+00,187,2026-05-25,false
11115,2026-05-25 16:16:56.50043+00,189,2026-05-25,false
11116,2026-05-25 16:16:56.50043+00,190,2026-05-25,false
11117,2026-05-25 16:16:56.50043+00,95,2026-05-25,false
11118,2026-05-25 16:16:56.50043+00,136,2026-05-25,false
11119,2026-05-25 16:16:56.50043+00,191,2026-05-25,false
11120,2026-05-25 16:16:56.50043+00,193,2026-05-25,false
11121,2026-05-25 16:16:56.50043+00,63,2026-05-25,false
11122,2026-05-25 16:16:56.50043+00,64,2026-05-25,false
11123,2026-05-25 16:16:56.50043+00,65,2026-05-25,false
11124,2026-05-25 16:16:56.50043+00,66,2026-05-25,false
11125,2026-05-25 16:16:56.50043+00,67,2026-05-25,false
11126,2026-05-25 16:16:56.50043+00,68,2026-05-25,false
11127,2026-05-25 16:16:56.50043+00,69,2026-05-25,false
11128,2026-05-25 16:16:56.50043+00,70,2026-05-25,false
11129,2026-05-25 16:16:56.50043+00,71,2026-05-25,false
11130,2026-05-25 16:16:56.50043+00,72,2026-05-25,false
11131,2026-05-25 16:16:56.50043+00,73,2026-05-25,false
11132,2026-05-25 16:16:56.50043+00,74,2026-05-25,false
11133,2026-05-25 16:16:56.50043+00,206,2026-05-25,false
11134,2026-05-25 16:16:56.50043+00,76,2026-05-25,false
11135,2026-05-25 16:16:56.50043+00,77,2026-05-25,false
11136,2026-05-25 16:16:56.50043+00,79,2026-05-25,false
11137,2026-05-25 16:16:56.50043+00,80,2026-05-25,false
11138,2026-05-25 16:16:56.50043+00,81,2026-05-25,false
11139,2026-05-25 16:16:56.50043+00,82,2026-05-25,false
11140,2026-05-25 16:16:56.50043+00,83,2026-05-25,false
11141,2026-05-25 16:16:56.50043+00,85,2026-05-25,false
11142,2026-05-25 16:16:56.50043+00,87,2026-05-25,false
11143,2026-05-25 16:16:56.50043+00,88,2026-05-25,false
11144,2026-05-25 16:16:56.50043+00,89,2026-05-25,false
11145,2026-05-25 16:16:56.50043+00,90,2026-05-25,false
11146,2026-05-25 16:16:56.50043+00,91,2026-05-25,false
11147,2026-05-25 16:16:56.50043+00,92,2026-05-25,false
11148,2026-05-25 16:16:56.50043+00,93,2026-05-25,false
11149,2026-05-25 16:16:56.50043+00,94,2026-05-25,false
11150,2026-05-25 16:16:56.50043+00,96,2026-05-25,false
11151,2026-05-25 16:16:56.50043+00,97,2026-05-25,false
11152,2026-05-25 16:16:56.50043+00,98,2026-05-25,false
11153,2026-05-25 16:16:56.50043+00,1,2026-05-25,false
11154,2026-05-25 16:16:56.50043+00,3,2026-05-25,false
11155,2026-05-25 16:16:56.50043+00,4,2026-05-25,true
11156,2026-05-25 16:16:56.50043+00,5,2026-05-25,false
11157,2026-05-25 16:16:56.50043+00,7,2026-05-25,false
11158,2026-05-25 16:16:56.50043+00,13,2026-05-25,false
11159,2026-05-25 16:16:56.50043+00,9,2026-05-25,false
11160,2026-05-25 16:16:56.50043+00,10,2026-05-25,false
11161,2026-05-25 16:16:56.50043+00,11,2026-05-25,false
11162,2026-05-25 16:16:56.50043+00,12,2026-05-25,false
11163,2026-05-25 16:16:56.50043+00,14,2026-05-25,false
11164,2026-05-25 16:16:56.50043+00,15,2026-05-25,false
11165,2026-05-25 16:16:56.50043+00,16,2026-05-25,false
11166,2026-05-25 16:16:56.50043+00,17,2026-05-25,false
11167,2026-05-25 16:16:56.50043+00,99,2026-05-25,false
11168,2026-05-25 16:16:56.50043+00,100,2026-05-25,false
11169,2026-05-25 16:16:56.50043+00,102,2026-05-25,false
11170,2026-05-25 16:16:56.50043+00,103,2026-05-25,false
11171,2026-05-25 16:16:56.50043+00,104,2026-05-25,false
11172,2026-05-25 16:16:56.50043+00,101,2026-05-25,false
11173,2026-05-25 16:16:56.50043+00,231,2026-05-25,false
11174,2026-05-25 16:16:56.50043+00,148,2026-05-25,false
11175,2026-05-25 16:16:56.50043+00,149,2026-05-25,false
11176,2026-05-25 16:16:56.50043+00,105,2026-05-25,false
11177,2026-05-25 16:16:56.50043+00,106,2026-05-25,false
11178,2026-05-25 16:16:56.50043+00,107,2026-05-25,false
11179,2026-05-25 16:16:56.50043+00,108,2026-05-25,false
11180,2026-05-25 16:16:56.50043+00,109,2026-05-25,false
11181,2026-05-25 16:16:56.50043+00,110,2026-05-25,false
11182,2026-05-25 16:16:56.50043+00,230,2026-05-25,false
11183,2026-05-25 16:16:56.50043+00,18,2026-05-25,false
11184,2026-05-25 16:16:56.50043+00,19,2026-05-25,false
11185,2026-05-25 16:16:56.50043+00,20,2026-05-25,false
11186,2026-05-25 16:16:56.50043+00,21,2026-05-25,false
11187,2026-05-25 16:16:56.50043+00,22,2026-05-25,false
11188,2026-05-25 16:16:56.50043+00,111,2026-05-25,false
11189,2026-05-25 16:16:56.50043+00,112,2026-05-25,false
11190,2026-05-25 16:16:56.50043+00,113,2026-05-25,false
11191,2026-05-25 16:16:56.50043+00,114,2026-05-25,false
11192,2026-05-25 16:16:56.50043+00,115,2026-05-25,false
11193,2026-05-25 16:16:56.50043+00,116,2026-05-25,false
11194,2026-05-25 16:16:56.50043+00,117,2026-05-25,false
11195,2026-05-25 16:16:56.50043+00,232,2026-05-25,false
11196,2026-05-25 16:16:56.50043+00,118,2026-05-25,false
11197,2026-05-25 16:16:56.50043+00,119,2026-05-25,false
11198,2026-05-25 16:16:56.50043+00,120,2026-05-25,false
11199,2026-05-25 16:16:56.50043+00,121,2026-05-25,false
11200,2026-05-25 16:16:56.50043+00,122,2026-05-25,false
11201,2026-05-25 16:16:56.50043+00,123,2026-05-25,false
11202,2026-05-25 16:16:56.50043+00,124,2026-05-25,false
11203,2026-05-25 16:16:56.50043+00,125,2026-05-25,false
11204,2026-05-25 16:16:56.50043+00,126,2026-05-25,false
11205,2026-05-25 16:16:56.50043+00,127,2026-05-25,false
11206,2026-05-25 16:16:56.50043+00,128,2026-05-25,false
11207,2026-05-25 16:16:56.50043+00,129,2026-05-25,false
11208,2026-05-25 16:16:56.50043+00,233,2026-05-25,false
11209,2026-05-25 16:16:56.50043+00,229,2026-05-25,false
11210,2026-05-25 16:16:56.50043+00,438,2026-05-25,false
11211,2026-05-25 16:16:56.50043+00,31,2026-05-25,false
11212,2026-05-25 16:16:56.50043+00,32,2026-05-25,false
11213,2026-05-25 16:16:56.50043+00,33,2026-05-25,false
11214,2026-05-25 16:16:56.50043+00,34,2026-05-25,false
11215,2026-05-25 16:16:56.50043+00,35,2026-05-25,false
11216,2026-05-25 16:16:56.50043+00,41,2026-05-25,false
11217,2026-05-25 16:16:56.50043+00,43,2026-05-25,false
11218,2026-05-25 16:16:56.50043+00,44,2026-05-25,false
11219,2026-05-25 16:16:56.50043+00,45,2026-05-25,false
11220,2026-05-25 16:16:56.50043+00,46,2026-05-25,false
11221,2026-05-25 16:16:56.50043+00,36,2026-05-25,false
11222,2026-05-25 16:16:56.50043+00,37,2026-05-25,false
11223,2026-05-25 16:16:56.50043+00,38,2026-05-25,false
11224,2026-05-25 16:16:56.50043+00,40,2026-05-25,false
11225,2026-05-25 16:16:56.50043+00,130,2026-05-25,false
11226,2026-05-25 16:16:56.50043+00,131,2026-05-25,false
11227,2026-05-25 16:16:56.50043+00,133,2026-05-25,false
11228,2026-05-25 16:16:56.50043+00,134,2026-05-25,false
11229,2026-05-25 16:16:56.50043+00,135,2026-05-25,false
11230,2026-05-25 16:16:56.50043+00,137,2026-05-25,false
11231,2026-05-25 16:16:56.50043+00,138,2026-05-25,false
11232,2026-05-25 16:16:56.50043+00,139,2026-05-25,false
11233,2026-05-25 16:16:56.50043+00,140,2026-05-25,false
11234,2026-05-25 16:16:56.50043+00,141,2026-05-25,false
11235,2026-05-25 16:16:56.50043+00,142,2026-05-25,false
11236,2026-05-25 16:16:56.50043+00,143,2026-05-25,false
11237,2026-05-25 16:16:56.50043+00,144,2026-05-25,false
11238,2026-05-25 16:16:56.50043+00,145,2026-05-25,false
11239,2026-05-25 16:16:56.50043+00,146,2026-05-25,false
11240,2026-05-25 16:16:56.50043+00,147,2026-05-25,false
11241,2026-05-25 16:16:56.50043+00,150,2026-05-25,false
11242,2026-05-25 16:16:56.50043+00,151,2026-05-25,false
11243,2026-05-25 16:16:56.50043+00,152,2026-05-25,false
11244,2026-05-25 16:16:56.50043+00,153,2026-05-25,false
11245,2026-05-25 16:16:56.50043+00,154,2026-05-25,false
11246,2026-05-25 16:16:56.50043+00,155,2026-05-25,false
11247,2026-05-25 16:16:56.50043+00,156,2026-05-25,false
11248,2026-05-25 16:16:56.50043+00,157,2026-05-25,false
11249,2026-05-25 16:16:56.50043+00,158,2026-05-25,false
11250,2026-05-25 16:16:56.50043+00,159,2026-05-25,false
11251,2026-05-25 16:16:56.50043+00,160,2026-05-25,false
11252,2026-05-25 16:16:56.50043+00,161,2026-05-25,false
11253,2026-05-25 16:16:56.50043+00,162,2026-05-25,false
11254,2026-05-25 16:16:56.50043+00,163,2026-05-25,false
11255,2026-05-25 16:16:56.50043+00,164,2026-05-25,false
11256,2026-05-25 16:16:56.50043+00,165,2026-05-25,false
11257,2026-05-25 16:16:56.50043+00,166,2026-05-25,false
11258,2026-05-25 16:16:56.50043+00,47,2026-05-25,false
11259,2026-05-25 16:16:56.50043+00,48,2026-05-25,false
11260,2026-05-25 16:16:56.50043+00,53,2026-05-25,false
11261,2026-05-25 16:16:56.50043+00,54,2026-05-25,false
11262,2026-05-25 16:16:56.50043+00,49,2026-05-25,false
11263,2026-05-25 16:16:56.50043+00,50,2026-05-25,true
11264,2026-05-25 16:16:56.50043+00,51,2026-05-25,false
11265,2026-05-25 16:16:56.50043+00,52,2026-05-25,true
11266,2026-05-25 16:16:56.50043+00,55,2026-05-25,false
11267,2026-05-25 16:16:56.50043+00,167,2026-05-25,false
11268,2026-05-25 16:16:56.50043+00,168,2026-05-25,false
11269,2026-05-25 16:16:56.50043+00,169,2026-05-25,false
11270,2026-05-25 16:16:56.50043+00,170,2026-05-25,false
11271,2026-05-25 16:16:56.50043+00,179,2026-05-25,false
11272,2026-05-25 16:16:56.50043+00,180,2026-05-25,false
11273,2026-05-25 16:16:56.50043+00,182,2026-05-25,false
11274,2026-05-25 16:16:56.50043+00,183,2026-05-25,false
11275,2026-05-25 16:16:56.50043+00,171,2026-05-25,false
11276,2026-05-25 16:16:56.50043+00,172,2026-05-25,false
11277,2026-05-25 16:16:56.50043+00,173,2026-05-25,false
11278,2026-05-25 16:16:56.50043+00,174,2026-05-25,false
11279,2026-05-25 16:16:56.50043+00,175,2026-05-25,false
11280,2026-05-25 16:16:56.50043+00,176,2026-05-25,false
11281,2026-05-25 16:16:56.50043+00,177,2026-05-25,false
11282,2026-05-25 16:16:56.50043+00,178,2026-05-25,false
11283,2026-05-25 16:16:56.50043+00,194,2026-05-25,false
11284,2026-05-25 16:16:56.50043+00,195,2026-05-25,false
11285,2026-05-25 16:16:56.50043+00,196,2026-05-25,false
11286,2026-05-25 16:16:56.50043+00,197,2026-05-25,false
11287,2026-05-25 16:16:56.50043+00,198,2026-05-25,false
11288,2026-05-25 16:16:56.50043+00,200,2026-05-25,false
11289,2026-05-25 16:16:56.50043+00,202,2026-05-25,false
11290,2026-05-25 16:16:56.50043+00,199,2026-05-25,false
11291,2026-05-25 16:16:56.50043+00,201,2026-05-25,false
11292,2026-05-25 16:16:56.50043+00,203,2026-05-25,false
11293,2026-05-25 16:16:56.50043+00,235,2026-05-25,false
11294,2026-05-25 16:16:56.50043+00,234,2026-05-25,false
11295,2026-05-25 16:16:56.50043+00,236,2026-05-25,false
11296,2026-05-25 16:16:56.50043+00,204,2026-05-25,false
11297,2026-05-25 16:16:56.50043+00,205,2026-05-25,false